Name,Age,Salary,Gender,Department,Position,Joining Date,Performance Score,Email,Phone Number
 grace ,25.0,50000.0,Male,HR,Manager,2018-04-05,D,email@example.com,unknown
 david ,,65000.0,Female,Finance,Director,2020-02-20,F,user@domain.com,123-456-7890
 hannah ,35.0,60000.0,Female,Sales,Director,2020-01-15,C,email@example.com,098-765-4321
 eve ,,50000.0,Female,IT,Manager,2018-04-05,A,name@company.org,unknown
 grace ,,60000.0,Female,Finance,Manager,2020-01-15,F,name@company.org,098-765-4321
 jack ,,65000.0,Other,Marketing,Director,2019-03-25,F,user@domain.com,unknown
 charlie ,,50000.0,Male,Marketing,Clerk,2019-12-01,B,unknown,123-456-7890
 grace ,40.0,50000.0,Other,HR,Director,2019-03-25,C,unknown,unknown
 hannah ,40.0,60000.0,Female,Marketing,Manager,2020-01-15,C,user@domain.com,123-456-7890
 eve ,30.0,55000.0,Other,Finance,Assistant,2020-02-20,A,unknown,unknown
 david ,25.0,70000.0,Male,Marketing,Analyst,2019-12-01,B,unknown,123-456-7890
 hannah ,,70000.0,Other,Finance,Assistant,2019-03-25,A,unknown,unknown
 hannah ,30.0,50000.0,Male,IT,Assistant,2018-04-05,D,unknown,unknown
 charlie ,25.0,55000.0,Other,HR,Manager,2020-02-20,F,unknown,555-555-5555
 frank ,50.0,60000.0,Male,Marketing,Director,2019-03-25,A,unknown,123-456-7890
 eve ,35.0,65000.0,Male,Finance,Clerk,2018-04-05,F,unknown,123-456-7890
 bob ,40.0,55000.0,Female,Sales,Assistant,2020-01-15,B,unknown,098-765-4321
 hannah ,50.0,55000.0,Male,HR,Director,2018-04-05,D,user@domain.com,unknown
 frank ,25.0,55000.0,Female,IT,Clerk,2019-03-25,B,email@example.com,555-555-5555
 bob ,50.0,50000.0,Female,Finance,Assistant,2019-03-25,D,user@domain.com,unknown
 eve ,35.0,50000.0,Female,IT,Clerk,2020-01-15,D,email@example.com,098-765-4321
 alice ,25.0,50000.0,Other,IT,Director,2018-04-05,F,user@domain.com,555-555-5555
 jack ,50.0,50000.0,Other,Marketing,Analyst,2018-04-05,B,email@example.com,unknown
 frank ,40.0,70000.0,Other,Marketing,Director,2020-01-15,B,email@example.com,555-555-5555
 ivy ,40.0,50000.0,Other,Finance,Manager,2018-04-05,A,name@company.org,123-456-7890
 alice ,30.0,70000.0,Male,Sales,Clerk,2020-01-15,B,email@example.com,123-456-7890
 jack ,50.0,70000.0,Male,Finance,Analyst,2020-02-20,A,email@example.com,098-765-4321
 charlie ,,50000.0,Other,Sales,Clerk,2019-03-25,C,name@company.org,unknown
 grace ,50.0,60000.0,Male,IT,Clerk,2020-02-20,C,unknown,unknown
 david ,25.0,65000.0,Male,HR,Assistant,2019-12-01,C,unknown,555-555-5555
 ivy ,25.0,55000.0,Female,Finance,Manager,2019-12-01,B,name@company.org,098-765-4321
 charlie ,50.0,70000.0,Female,Finance,Clerk,2019-12-01,B,unknown,unknown
 eve ,35.0,65000.0,Female,Sales,Director,2020-01-15,A,email@example.com,123-456-7890
 charlie ,40.0,60000.0,Female,IT,Director,2018-04-05,D,email@example.com,555-555-5555
 grace ,25.0,65000.0,Male,IT,Assistant,2020-02-20,A,name@company.org,unknown
 eve ,40.0,62500.0,Other,Sales,Manager,2020-02-20,C,name@company.org,123-456-7890
 ivy ,25.0,60000.0,Male,IT,Manager,2020-02-20,A,unknown,098-765-4321
 grace ,30.0,60000.0,Male,Marketing,Director,2020-02-20,D,unknown,unknown
 bob ,,55000.0,Male,HR,Analyst,2019-12-01,B,user@domain.com,123-456-7890
 david ,25.0,55000.0,Female,Finance,Assistant,2020-02-20,A,unknown,unknown
 ivy ,40.0,70000.0,Female,HR,Assistant,2018-04-05,C,email@example.com,unknown
 bob ,30.0,50000.0,Female,Finance,Director,2019-12-01,C,name@company.org,098-765-4321
 jack ,25.0,60000.0,Other,Marketing,Director,2020-02-20,B,unknown,123-456-7890
 ivy ,35.0,70000.0,Male,IT,Analyst,2020-01-15,A,unknown,555-555-5555
 jack ,,60000.0,Other,Sales,Analyst,2019-03-25,D,unknown,123-456-7890
 eve ,25.0,50000.0,Female,Marketing,Manager,2019-03-25,B,unknown,unknown
 bob ,30.0,60000.0,Other,HR,Assistant,2019-03-25,A,email@example.com,098-765-4321
 david ,35.0,55000.0,Male,Sales,Assistant,2019-12-01,F,user@domain.com,098-765-4321
 grace ,50.0,50000.0,Male,IT,Director,2020-02-20,C,unknown,555-555-5555
 hannah ,30.0,70000.0,Female,Marketing,Manager,2019-12-01,D,unknown,098-765-4321
 charlie ,30.0,50000.0,Female,Sales,Assistant,2018-04-05,D,user@domain.com,098-765-4321
 alice ,35.0,65000.0,Other,Marketing,Manager,2020-01-15,D,unknown,098-765-4321
 david ,30.0,55000.0,Female,Marketing,Manager,2020-01-15,C,unknown,098-765-4321
 bob ,35.0,70000.0,Female,IT,Director,2019-03-25,A,unknown,098-765-4321
 hannah ,25.0,60000.0,Male,Finance,Manager,2019-03-25,B,unknown,unknown
 david ,35.0,65000.0,Female,Sales,Analyst,2019-03-25,A,user@domain.com,123-456-7890
 bob ,35.0,70000.0,Female,IT,Analyst,2020-02-20,B,email@example.com,unknown
 frank ,,50000.0,Male,Marketing,Clerk,2018-04-05,D,unknown,098-765-4321
 frank ,35.0,50000.0,Male,IT,Director,2018-04-05,A,email@example.com,unknown
 jack ,35.0,50000.0,Other,Finance,Clerk,2018-04-05,D,user@domain.com,unknown
 david ,50.0,50000.0,Female,Sales,Analyst,2018-04-05,F,user@domain.com,unknown
 frank ,25.0,60000.0,Male,Finance,Clerk,2019-03-25,D,unknown,098-765-4321
 bob ,,65000.0,Other,HR,Director,2020-01-15,D,unknown,unknown
 jack ,50.0,65000.0,Other,Sales,Director,2019-03-25,B,name@company.org,098-765-4321
 bob ,40.0,55000.0,Female,Finance,Manager,2018-04-05,F,user@domain.com,555-555-5555
 jack ,25.0,60000.0,Female,Marketing,Assistant,2019-03-25,D,unknown,555-555-5555
 david ,25.0,60000.0,Other,Sales,Manager,2018-04-05,D,email@example.com,555-555-5555
 hannah ,40.0,65000.0,Male,Sales,Director,2019-12-01,F,unknown,unknown
 grace ,35.0,57500.0,Other,IT,Analyst,2020-01-15,F,email@example.com,555-555-5555
 ivy ,50.0,55000.0,Female,Marketing,Analyst,2019-12-01,A,user@domain.com,unknown
 hannah ,30.0,55000.0,Male,HR,Manager,2020-02-20,B,user@domain.com,unknown
 eve ,,60000.0,Male,Finance,Director,2019-03-25,F,email@example.com,unknown
 bob ,30.0,50000.0,Other,IT,Analyst,2020-02-20,F,user@domain.com,098-765-4321
 eve ,40.0,60000.0,Female,Finance,Director,2019-03-25,C,unknown,123-456-7890
 hannah ,25.0,70000.0,Other,HR,Analyst,2019-12-01,F,user@domain.com,098-765-4321
 jack ,25.0,55000.0,Other,HR,Director,2018-04-05,B,unknown,098-765-4321
 ivy ,,55000.0,Other,Sales,Clerk,2018-04-05,D,unknown,098-765-4321
 ivy ,25.0,60000.0,Male,HR,Director,2019-03-25,D,name@company.org,098-765-4321
 alice ,25.0,65000.0,Male,Finance,Director,2018-04-05,D,user@domain.com,123-456-7890
 ivy ,,70000.0,Female,Marketing,Manager,2019-12-01,D,user@domain.com,555-555-5555
 grace ,50.0,70000.0,Female,Marketing,Clerk,2018-04-05,C,unknown,098-765-4321
 ivy ,50.0,55000.0,Other,Sales,Assistant,2019-12-01,F,unknown,unknown
 hannah ,,50000.0,Other,Finance,Manager,2020-02-20,D,email@example.com,unknown
 alice ,40.0,65000.0,Other,Finance,Assistant,2019-12-01,A,email@example.com,unknown
 hannah ,25.0,70000.0,Female,HR,Analyst,2020-01-15,D,email@example.com,unknown
 hannah ,25.0,55000.0,Male,Finance,Assistant,2020-01-15,F,unknown,098-765-4321
 charlie ,40.0,70000.0,Male,IT,Director,2020-01-15,D,email@example.com,123-456-7890
 alice ,50.0,65000.0,Other,HR,Assistant,2019-03-25,C,email@example.com,555-555-5555
 hannah ,35.0,65000.0,Other,IT,Manager,2019-03-25,B,name@company.org,unknown
 charlie ,35.0,60000.0,Other,Sales,Manager,2019-03-25,B,email@example.com,555-555-5555
 charlie ,35.0,62500.0,Other,Marketing,Assistant,2019-12-01,F,user@domain.com,123-456-7890
 alice ,50.0,62500.0,Female,Sales,Manager,2019-03-25,B,unknown,unknown
 eve ,50.0,55000.0,Male,Marketing,Manager,2020-02-20,B,unknown,555-555-5555
 jack ,40.0,65000.0,Other,Sales,Assistant,2020-01-15,A,name@company.org,123-456-7890
 grace ,25.0,60000.0,Female,Finance,Clerk,2019-12-01,F,unknown,555-555-5555
 jack ,40.0,60000.0,Other,IT,Clerk,2020-01-15,F,unknown,098-765-4321
 ivy ,40.0,70000.0,Other,Marketing,Analyst,2019-03-25,B,user@domain.com,123-456-7890
 grace ,50.0,70000.0,Male,HR,Manager,2019-12-01,B,email@example.com,555-555-5555
 ivy ,35.0,60000.0,Other,IT,Assistant,2018-04-05,B,user@domain.com,098-765-4321
 hannah ,30.0,70000.0,Male,HR,Manager,2020-02-20,C,email@example.com,098-765-4321
 bob ,25.0,65000.0,Male,IT,Director,2019-03-25,D,email@example.com,123-456-7890
 alice ,50.0,50000.0,Male,IT,Manager,2019-03-25,C,unknown,unknown
 grace ,35.0,65000.0,Female,Sales,Manager,2020-02-20,F,email@example.com,unknown
 grace ,30.0,60000.0,Female,Marketing,Clerk,2020-02-20,A,name@company.org,123-456-7890
 hannah ,30.0,60000.0,Male,Marketing,Assistant,2018-04-05,D,name@company.org,098-765-4321
 eve ,50.0,65000.0,Other,IT,Manager,2019-03-25,A,name@company.org,098-765-4321
 charlie ,,70000.0,Male,Finance,Clerk,2019-03-25,F,unknown,123-456-7890
 hannah ,25.0,70000.0,Other,Finance,Analyst,2020-01-15,F,user@domain.com,unknown
 frank ,30.0,60000.0,Male,HR,Clerk,2019-12-01,A,unknown,unknown
 charlie ,50.0,60000.0,Other,HR,Clerk,2019-12-01,A,email@example.com,555-555-5555
 alice ,50.0,55000.0,Female,Sales,Clerk,2020-01-15,A,unknown,123-456-7890
 charlie ,35.0,62500.0,Other,IT,Manager,2019-12-01,F,user@domain.com,unknown
 eve ,,70000.0,Male,HR,Manager,2020-02-20,B,user@domain.com,unknown
 charlie ,25.0,65000.0,Female,HR,Analyst,2019-12-01,A,unknown,098-765-4321
 alice ,40.0,70000.0,Other,IT,Director,2019-12-01,D,name@company.org,555-555-5555
 eve ,35.0,65000.0,Other,Sales,Director,2020-01-15,F,name@company.org,123-456-7890
 jack ,30.0,60000.0,Other,HR,Director,2018-04-05,C,user@domain.com,098-765-4321
 grace ,30.0,60000.0,Other,Sales,Analyst,2019-12-01,C,unknown,098-765-4321
 grace ,35.0,70000.0,Other,Marketing,Director,2019-12-01,D,unknown,unknown
 ivy ,50.0,65000.0,Female,Sales,Director,2018-04-05,B,email@example.com,unknown
 jack ,30.0,60000.0,Female,Finance,Clerk,2020-01-15,A,name@company.org,123-456-7890
 jack ,,55000.0,Female,Finance,Manager,2018-04-05,F,user@domain.com,123-456-7890
 charlie ,25.0,65000.0,Female,Sales,Manager,2020-01-15,A,unknown,123-456-7890
 grace ,,60000.0,Male,Finance,Clerk,2020-02-20,F,name@company.org,098-765-4321
 alice ,30.0,55000.0,Female,Marketing,Clerk,2020-01-15,C,email@example.com,unknown
 david ,40.0,55000.0,Other,IT,Clerk,2020-02-20,A,unknown,555-555-5555
 david ,25.0,50000.0,Other,Finance,Manager,2020-02-20,D,user@domain.com,098-765-4321
 eve ,25.0,70000.0,Female,Finance,Director,2020-01-15,B,name@company.org,555-555-5555
 grace ,35.0,65000.0,Other,Sales,Clerk,2019-03-25,D,unknown,unknown
 grace ,35.0,55000.0,Female,Marketing,Analyst,2020-01-15,B,email@example.com,unknown
 david ,40.0,50000.0,Other,IT,Clerk,2019-12-01,A,email@example.com,123-456-7890
 grace ,50.0,55000.0,Male,Sales,Assistant,2019-12-01,A,name@company.org,555-555-5555
 charlie ,25.0,60000.0,Male,Sales,Clerk,2019-03-25,B,unknown,098-765-4321
 frank ,40.0,65000.0,Female,Marketing,Manager,2020-02-20,C,email@example.com,555-555-5555
 bob ,35.0,55000.0,Female,IT,Clerk,2019-03-25,F,user@domain.com,unknown
 jack ,35.0,70000.0,Female,Marketing,Assistant,2019-12-01,D,email@example.com,123-456-7890
 ivy ,25.0,50000.0,Other,IT,Analyst,2019-03-25,D,unknown,555-555-5555
 eve ,,55000.0,Female,Marketing,Director,2020-01-15,D,unknown,unknown
 frank ,30.0,70000.0,Male,Sales,Clerk,2019-03-25,A,unknown,098-765-4321
 david ,35.0,55000.0,Other,Sales,Assistant,2020-02-20,D,name@company.org,unknown
 jack ,50.0,65000.0,Female,HR,Assistant,2020-01-15,F,unknown,098-765-4321
 grace ,50.0,65000.0,Other,Finance,Analyst,2018-04-05,F,email@example.com,123-456-7890
 ivy ,35.0,65000.0,Other,Marketing,Manager,2019-12-01,B,email@example.com,098-765-4321
 grace ,,60000.0,Female,HR,Clerk,2019-12-01,A,unknown,098-765-4321
 alice ,,55000.0,Other,Finance,Assistant,2019-03-25,F,unknown,098-765-4321
 alice ,40.0,50000.0,Male,Marketing,Analyst,2020-01-15,C,user@domain.com,098-765-4321
 ivy ,50.0,65000.0,Male,IT,Director,2018-04-05,A,unknown,123-456-7890
 ivy ,40.0,70000.0,Other,Finance,Assistant,2020-01-15,A,user@domain.com,unknown
 david ,50.0,55000.0,Female,Sales,Analyst,2019-12-01,F,email@example.com,555-555-5555
 ivy ,30.0,60000.0,Other,HR,Manager,2020-01-15,C,user@domain.com,unknown
 charlie ,30.0,70000.0,Male,Finance,Manager,2018-04-05,B,user@domain.com,555-555-5555
 grace ,25.0,55000.0,Other,Finance,Assistant,2019-03-25,F,name@company.org,555-555-5555
 frank ,40.0,55000.0,Other,Sales,Assistant,2020-02-20,C,unknown,unknown
 hannah ,35.0,70000.0,Male,Marketing,Clerk,2020-01-15,A,user@domain.com,123-456-7890
 ivy ,40.0,57500.0,Other,IT,Analyst,2020-02-20,C,email@example.com,unknown
 eve ,35.0,65000.0,Other,Sales,Assistant,2019-12-01,A,unknown,123-456-7890
 alice ,,50000.0,Female,IT,Clerk,2019-03-25,F,user@domain.com,555-555-5555
 charlie ,40.0,55000.0,Female,Marketing,Clerk,2019-03-25,F,unknown,123-456-7890
 jack ,,50000.0,Male,Finance,Assistant,2020-01-15,D,name@company.org,unknown
 hannah ,30.0,55000.0,Male,IT,Manager,2019-03-25,D,email@example.com,unknown
 frank ,30.0,55000.0,Male,HR,Analyst,2020-01-15,D,name@company.org,unknown
 hannah ,25.0,50000.0,Female,HR,Analyst,2020-01-15,F,unknown,555-555-5555
 ivy ,40.0,70000.0,Male,Sales,Manager,2020-02-20,B,user@domain.com,unknown
 david ,,55000.0,Male,Marketing,Assistant,2019-03-25,F,user@domain.com,555-555-5555
 alice ,35.0,50000.0,Male,Sales,Analyst,2020-01-15,C,unknown,unknown
 alice ,30.0,55000.0,Female,Sales,Assistant,2020-02-20,F,user@domain.com,555-555-5555
 jack ,30.0,60000.0,Other,Sales,Assistant,2018-04-05,F,email@example.com,unknown
 david ,35.0,70000.0,Male,HR,Clerk,2020-02-20,A,unknown,unknown
 grace ,,65000.0,Other,HR,Manager,2020-02-20,A,name@company.org,555-555-5555
 bob ,,55000.0,Male,Sales,Assistant,2020-01-15,A,unknown,unknown
 charlie ,40.0,60000.0,Other,HR,Director,2019-12-01,F,user@domain.com,unknown
 alice ,40.0,65000.0,Female,Marketing,Manager,2019-12-01,B,name@company.org,555-555-5555
 eve ,50.0,65000.0,Female,Sales,Analyst,2019-12-01,C,unknown,unknown
 alice ,50.0,55000.0,Male,HR,Clerk,2020-02-20,C,unknown,unknown
 hannah ,25.0,50000.0,Other,IT,Analyst,2020-01-15,B,name@company.org,unknown
 alice ,30.0,55000.0,Female,Sales,Analyst,2019-03-25,B,name@company.org,unknown
 alice ,40.0,60000.0,Male,Sales,Manager,2020-02-20,C,name@company.org,unknown
 bob ,,65000.0,Male,Marketing,Analyst,2020-02-20,D,email@example.com,555-555-5555
 bob ,35.0,55000.0,Female,Finance,Assistant,2020-01-15,A,unknown,unknown
 frank ,,50000.0,Female,Finance,Analyst,2018-04-05,A,name@company.org,unknown
 grace ,30.0,55000.0,Male,Marketing,Clerk,2020-02-20,C,unknown,123-456-7890
 eve ,50.0,70000.0,Other,Marketing,Clerk,2018-04-05,B,name@company.org,unknown
 alice ,,50000.0,Other,Marketing,Director,2018-04-05,D,unknown,unknown
 alice ,25.0,60000.0,Other,Finance,Clerk,2019-12-01,C,unknown,123-456-7890
 charlie ,30.0,65000.0,Male,Marketing,Analyst,2020-01-15,A,unknown,unknown
 bob ,50.0,55000.0,Female,HR,Clerk,2018-04-05,F,user@domain.com,098-765-4321
 eve ,35.0,50000.0,Male,Sales,Manager,2020-01-15,B,name@company.org,098-765-4321
 jack ,50.0,70000.0,Female,Sales,Clerk,2019-12-01,F,user@domain.com,unknown
 frank ,25.0,50000.0,Other,IT,Assistant,2020-01-15,C,unknown,unknown
 grace ,30.0,62500.0,Other,IT,Manager,2020-02-20,A,user@domain.com,098-765-4321
 david ,35.0,70000.0,Female,Sales,Director,2018-04-05,D,unknown,555-555-5555
 grace ,25.0,60000.0,Female,HR,Assistant,2020-01-15,F,unknown,555-555-5555
 hannah ,50.0,65000.0,Male,Finance,Analyst,2019-03-25,D,unknown,123-456-7890
 alice ,25.0,60000.0,Other,Finance,Analyst,2020-01-15,A,user@domain.com,unknown
 frank ,30.0,55000.0,Male,HR,Analyst,2018-04-05,F,name@company.org,unknown
 hannah ,40.0,50000.0,Male,Finance,Assistant,2019-12-01,D,user@domain.com,098-765-4321
 eve ,25.0,62500.0,Male,Marketing,Assistant,2019-12-01,D,name@company.org,unknown
 david ,25.0,70000.0,Other,Sales,Assistant,2018-04-05,F,name@company.org,unknown
 bob ,50.0,70000.0,Male,Sales,Manager,2020-02-20,A,unknown,098-765-4321
 frank ,50.0,50000.0,Male,HR,Manager,2020-02-20,D,user@domain.com,098-765-4321
 frank ,35.0,60000.0,Male,Finance,Analyst,2019-12-01,C,name@company.org,unknown
 alice ,50.0,50000.0,Male,IT,Clerk,2019-12-01,F,unknown,098-765-4321
 ivy ,,55000.0,Male,IT,Analyst,2018-04-05,B,name@company.org,123-456-7890
 frank ,30.0,60000.0,Male,Finance,Director,2020-02-20,B,unknown,123-456-7890
 charlie ,30.0,70000.0,Other,IT,Manager,2019-12-01,A,user@domain.com,unknown
 david ,40.0,55000.0,Male,HR,Assistant,2020-02-20,C,user@domain.com,unknown
 david ,40.0,60000.0,Female,HR,Manager,2019-12-01,D,user@domain.com,123-456-7890
 charlie ,30.0,55000.0,Male,Finance,Assistant,2020-01-15,B,name@company.org,123-456-7890
 jack ,40.0,60000.0,Male,IT,Director,2019-03-25,A,email@example.com,unknown
 charlie ,35.0,70000.0,Other,HR,Director,2020-01-15,C,name@company.org,555-555-5555
 charlie ,50.0,50000.0,Other,HR,Manager,2019-12-01,C,name@company.org,098-765-4321
 david ,30.0,50000.0,Female,Marketing,Assistant,2019-03-25,A,unknown,123-456-7890
 grace ,40.0,60000.0,Female,Marketing,Director,2019-03-25,A,unknown,555-555-5555
 david ,30.0,65000.0,Other,HR,Analyst,2019-12-01,D,name@company.org,unknown
 ivy ,,60000.0,Other,Finance,Analyst,2019-12-01,A,unknown,555-555-5555
 alice ,25.0,60000.0,Male,Sales,Assistant,2020-02-20,D,unknown,unknown
 hannah ,50.0,65000.0,Other,Sales,Manager,2019-12-01,D,name@company.org,unknown
 grace ,30.0,55000.0,Female,HR,Director,2018-04-05,F,email@example.com,unknown
 bob ,25.0,60000.0,Male,HR,Manager,2019-12-01,C,unknown,555-555-5555
 hannah ,40.0,55000.0,Female,HR,Analyst,2018-04-05,C,user@domain.com,unknown
 alice ,25.0,70000.0,Male,Finance,Director,2019-12-01,C,name@company.org,123-456-7890
 ivy ,50.0,60000.0,Other,Marketing,Manager,2020-02-20,F,name@company.org,555-555-5555
 ivy ,30.0,65000.0,Female,HR,Clerk,2018-04-05,D,unknown,123-456-7890
 bob ,,70000.0,Male,HR,Assistant,2020-01-15,D,unknown,555-555-5555
 grace ,40.0,50000.0,Male,IT,Assistant,2018-04-05,A,unknown,123-456-7890
 jack ,30.0,65000.0,Other,Finance,Clerk,2020-02-20,F,unknown,555-555-5555
 charlie ,50.0,60000.0,Other,HR,Analyst,2018-04-05,A,user@domain.com,unknown
 grace ,40.0,50000.0,Other,IT,Director,2019-12-01,F,unknown,098-765-4321
 jack ,35.0,50000.0,Female,Sales,Assistant,2019-12-01,A,unknown,unknown
 ivy ,25.0,60000.0,Male,HR,Clerk,2020-02-20,B,unknown,123-456-7890
 david ,50.0,60000.0,Other,HR,Clerk,2019-03-25,C,unknown,unknown
 alice ,35.0,50000.0,Female,IT,Analyst,2019-12-01,C,email@example.com,unknown
 bob ,30.0,65000.0,Female,Finance,Analyst,2020-01-15,D,email@example.com,098-765-4321
 alice ,,70000.0,Female,HR,Manager,2020-02-20,B,name@company.org,123-456-7890
 eve ,40.0,50000.0,Other,Sales,Assistant,2018-04-05,C,name@company.org,unknown
 eve ,25.0,65000.0,Other,HR,Manager,2018-04-05,D,unknown,555-555-5555
 grace ,40.0,55000.0,Male,Sales,Clerk,2020-01-15,B,unknown,unknown
 ivy ,30.0,65000.0,Male,Marketing,Director,2019-12-01,C,user@domain.com,123-456-7890
 ivy ,40.0,70000.0,Other,Marketing,Director,2020-02-20,A,user@domain.com,unknown
 charlie ,25.0,65000.0,Female,Sales,Analyst,2020-01-15,F,email@example.com,123-456-7890
 charlie ,30.0,60000.0,Female,Finance,Director,2019-12-01,B,name@company.org,555-555-5555
 charlie ,40.0,70000.0,Female,HR,Director,2020-02-20,D,email@example.com,098-765-4321
 david ,,60000.0,Male,HR,Director,2018-04-05,B,email@example.com,unknown
 hannah ,50.0,55000.0,Female,Marketing,Clerk,2020-02-20,D,name@company.org,123-456-7890
 frank ,30.0,60000.0,Male,Sales,Director,2019-03-25,B,user@domain.com,123-456-7890
 hannah ,50.0,60000.0,Male,HR,Director,2020-02-20,D,name@company.org,123-456-7890
 alice ,30.0,65000.0,Female,HR,Director,2019-03-25,C,unknown,098-765-4321
 hannah ,,70000.0,Female,Finance,Manager,2020-02-20,A,unknown,123-456-7890
 david ,50.0,55000.0,Other,IT,Clerk,2019-03-25,C,unknown,unknown
 alice ,35.0,60000.0,Other,Marketing,Analyst,2018-04-05,A,unknown,unknown
 hannah ,25.0,60000.0,Female,Marketing,Manager,2019-12-01,C,user@domain.com,123-456-7890
 david ,35.0,60000.0,Male,IT,Assistant,2019-03-25,C,user@domain.com,unknown
 frank ,40.0,55000.0,Male,HR,Clerk,2019-03-25,B,unknown,unknown
 hannah ,,65000.0,Male,Finance,Clerk,2018-04-05,F,email@example.com,unknown
 david ,35.0,55000.0,Male,Finance,Assistant,2019-03-25,D,unknown,123-456-7890
 charlie ,30.0,62500.0,Male,Marketing,Assistant,2020-01-15,D,unknown,555-555-5555
 ivy ,40.0,50000.0,Other,Finance,Assistant,2018-04-05,D,email@example.com,unknown
 charlie ,40.0,60000.0,Female,IT,Analyst,2020-01-15,A,name@company.org,098-765-4321
 ivy ,35.0,55000.0,Other,HR,Director,2018-04-05,D,name@company.org,123-456-7890
 bob ,35.0,55000.0,Male,IT,Clerk,2019-03-25,D,user@domain.com,098-765-4321
 bob ,,65000.0,Male,Sales,Director,2020-01-15,B,unknown,555-555-5555
 bob ,25.0,60000.0,Male,Marketing,Director,2019-03-25,C,user@domain.com,098-765-4321
 frank ,35.0,65000.0,Male,Finance,Assistant,2018-04-05,D,name@company.org,123-456-7890
 charlie ,35.0,55000.0,Female,Sales,Analyst,2019-03-25,F,email@example.com,123-456-7890
 ivy ,50.0,65000.0,Male,Finance,Manager,2020-01-15,D,user@domain.com,555-555-5555
 david ,30.0,70000.0,Female,HR,Analyst,2020-01-15,A,unknown,123-456-7890
 alice ,50.0,70000.0,Male,HR,Director,2019-03-25,A,unknown,555-555-5555
 david ,50.0,70000.0,Female,HR,Analyst,2020-02-20,A,email@example.com,555-555-5555
 alice ,40.0,50000.0,Other,Finance,Assistant,2018-04-05,D,name@company.org,123-456-7890
 eve ,25.0,55000.0,Male,Sales,Manager,2018-04-05,B,unknown,unknown
 david ,30.0,60000.0,Female,HR,Assistant,2019-03-25,F,unknown,555-555-5555
 hannah ,,62500.0,Other,Sales,Manager,2020-02-20,D,unknown,123-456-7890
 hannah ,,50000.0,Male,Finance,Director,2020-01-15,B,user@domain.com,unknown
 grace ,35.0,65000.0,Male,Sales,Manager,2019-12-01,B,name@company.org,555-555-5555
 charlie ,35.0,50000.0,Male,Finance,Manager,2019-12-01,D,user@domain.com,unknown
 alice ,,65000.0,Female,Finance,Manager,2019-03-25,D,name@company.org,unknown
 alice ,35.0,65000.0,Female,Marketing,Analyst,2020-02-20,B,unknown,unknown
 charlie ,25.0,60000.0,Other,Finance,Analyst,2020-02-20,B,unknown,unknown
 frank ,50.0,60000.0,Female,Finance,Director,2018-04-05,B,user@domain.com,555-555-5555
 grace ,35.0,70000.0,Female,IT,Manager,2020-01-15,D,unknown,123-456-7890
 frank ,40.0,65000.0,Male,HR,Clerk,2020-02-20,B,name@company.org,098-765-4321
 frank ,35.0,60000.0,Male,Marketing,Director,2019-12-01,A,user@domain.com,123-456-7890
 frank ,30.0,60000.0,Male,Marketing,Manager,2020-01-15,D,user@domain.com,098-765-4321
 charlie ,25.0,70000.0,Male,Marketing,Manager,2020-01-15,A,unknown,098-765-4321
 frank ,30.0,65000.0,Male,IT,Analyst,2019-03-25,C,user@domain.com,555-555-5555
 hannah ,30.0,65000.0,Male,Finance,Director,2020-02-20,D,unknown,unknown
 bob ,40.0,50000.0,Male,HR,Manager,2019-03-25,C,unknown,123-456-7890
 eve ,25.0,50000.0,Other,Sales,Manager,2020-02-20,B,unknown,unknown
 alice ,25.0,60000.0,Other,Finance,Director,2018-04-05,B,name@company.org,unknown
 alice ,25.0,70000.0,Other,IT,Clerk,2019-03-25,F,unknown,555-555-5555
 eve ,25.0,65000.0,Other,Finance,Director,2019-03-25,B,unknown,555-555-5555
 charlie ,25.0,60000.0,Male,Finance,Director,2019-12-01,C,email@example.com,unknown
 david ,40.0,55000.0,Other,IT,Clerk,2019-03-25,B,email@example.com,123-456-7890
 charlie ,35.0,55000.0,Male,Marketing,Director,2020-02-20,D,user@domain.com,unknown
 alice ,30.0,50000.0,Other,Marketing,Manager,2019-12-01,B,user@domain.com,123-456-7890
 alice ,25.0,70000.0,Female,HR,Director,2019-03-25,F,email@example.com,098-765-4321
 eve ,35.0,65000.0,Other,HR,Clerk,2019-03-25,B,unknown,555-555-5555
 frank ,35.0,62500.0,Other,Marketing,Assistant,2018-04-05,C,user@domain.com,123-456-7890
 charlie ,30.0,65000.0,Male,Sales,Director,2019-03-25,C,unknown,unknown
 ivy ,40.0,55000.0,Other,Finance,Analyst,2020-01-15,B,unknown,unknown
 eve ,,70000.0,Female,Sales,Manager,2019-12-01,C,unknown,555-555-5555
 hannah ,,60000.0,Male,Finance,Manager,2020-01-15,C,user@domain.com,unknown
 alice ,35.0,65000.0,Male,Marketing,Analyst,2019-12-01,F,unknown,unknown
 eve ,50.0,50000.0,Other,HR,Analyst,2018-04-05,D,user@domain.com,123-456-7890
 charlie ,50.0,55000.0,Male,HR,Director,2019-03-25,F,user@domain.com,unknown
 alice ,30.0,70000.0,Male,Sales,Analyst,2019-03-25,A,unknown,555-555-5555
 david ,,55000.0,Male,HR,Assistant,2019-03-25,F,email@example.com,123-456-7890
 eve ,35.0,50000.0,Male,Marketing,Clerk,2019-12-01,B,unknown,098-765-4321
 grace ,40.0,70000.0,Male,Sales,Analyst,2019-03-25,D,unknown,unknown
 alice ,,55000.0,Male,Finance,Analyst,2020-01-15,B,name@company.org,unknown
 charlie ,35.0,60000.0,Female,HR,Assistant,2019-03-25,A,unknown,123-456-7890
 bob ,35.0,50000.0,Other,IT,Manager,2018-04-05,D,user@domain.com,unknown
 ivy ,25.0,50000.0,Female,HR,Manager,2020-01-15,C,user@domain.com,unknown
 jack ,40.0,50000.0,Male,Finance,Director,2019-03-25,F,unknown,555-555-5555
 frank ,25.0,60000.0,Male,Sales,Assistant,2019-03-25,B,name@company.org,unknown
 jack ,30.0,60000.0,Other,Finance,Clerk,2020-02-20,A,unknown,098-765-4321
 charlie ,25.0,65000.0,Female,IT,Clerk,2019-12-01,C,name@company.org,unknown
 hannah ,25.0,62500.0,Other,Marketing,Assistant,2020-01-15,F,name@company.org,unknown
 hannah ,,55000.0,Female,HR,Clerk,2020-02-20,C,unknown,unknown
 bob ,50.0,65000.0,Male,Sales,Manager,2018-04-05,F,user@domain.com,123-456-7890
 frank ,35.0,55000.0,Other,Marketing,Clerk,2019-12-01,D,user@domain.com,unknown
 grace ,40.0,60000.0,Other,Finance,Clerk,2020-01-15,C,name@company.org,unknown
 bob ,25.0,60000.0,Male,Sales,Assistant,2019-03-25,C,user@domain.com,123-456-7890
 jack ,40.0,62500.0,Other,Marketing,Assistant,2020-01-15,C,email@example.com,555-555-5555
 bob ,50.0,60000.0,Female,Sales,Clerk,2019-03-25,D,name@company.org,123-456-7890
 jack ,50.0,57500.0,Female,IT,Analyst,2019-12-01,A,user@domain.com,098-765-4321
 alice ,25.0,65000.0,Female,IT,Assistant,2019-03-25,F,email@example.com,123-456-7890
 hannah ,30.0,70000.0,Female,HR,Director,2018-04-05,C,unknown,555-555-5555
 alice ,25.0,65000.0,Male,HR,Director,2019-03-25,D,user@domain.com,unknown
 ivy ,,55000.0,Other,IT,Manager,2018-04-05,A,email@example.com,123-456-7890
 frank ,35.0,65000.0,Female,Sales,Clerk,2019-12-01,F,unknown,123-456-7890
 grace ,30.0,50000.0,Male,IT,Analyst,2019-12-01,D,unknown,123-456-7890
 jack ,25.0,55000.0,Other,HR,Manager,2020-01-15,F,email@example.com,123-456-7890
 grace ,40.0,55000.0,Other,IT,Clerk,2018-04-05,C,name@company.org,555-555-5555
 jack ,30.0,55000.0,Male,IT,Assistant,2018-04-05,A,name@company.org,unknown
 charlie ,30.0,70000.0,Male,Sales,Director,2020-02-20,D,user@domain.com,unknown
 bob ,25.0,60000.0,Female,Marketing,Analyst,2020-02-20,A,unknown,123-456-7890
 ivy ,30.0,60000.0,Other,HR,Director,2020-02-20,C,name@company.org,555-555-5555
 hannah ,40.0,55000.0,Other,Sales,Assistant,2019-03-25,A,name@company.org,555-555-5555
 jack ,50.0,55000.0,Male,IT,Clerk,2020-02-20,A,unknown,123-456-7890
 grace ,30.0,60000.0,Other,IT,Assistant,2018-04-05,B,unknown,098-765-4321
 ivy ,50.0,62500.0,Female,Marketing,Assistant,2019-03-25,A,name@company.org,123-456-7890
 david ,40.0,60000.0,Other,HR,Director,2019-12-01,F,email@example.com,098-765-4321
 david ,25.0,65000.0,Male,HR,Analyst,2020-01-15,D,user@domain.com,123-456-7890
 alice ,35.0,55000.0,Male,Finance,Assistant,2020-02-20,B,name@company.org,098-765-4321
 hannah ,30.0,50000.0,Female,HR,Director,2019-12-01,D,name@company.org,098-765-4321
 charlie ,35.0,70000.0,Female,Marketing,Analyst,2018-04-05,D,unknown,123-456-7890
 grace ,40.0,60000.0,Other,Finance,Clerk,2020-01-15,C,email@example.com,098-765-4321
 bob ,30.0,55000.0,Other,Finance,Clerk,2019-12-01,C,user@domain.com,unknown
 bob ,50.0,60000.0,Male,IT,Manager,2020-01-15,B,name@company.org,unknown
 grace ,,55000.0,Female,IT,Director,2020-02-20,C,user@domain.com,555-555-5555
 frank ,35.0,60000.0,Female,HR,Analyst,2018-04-05,C,unknown,098-765-4321
 charlie ,30.0,55000.0,Female,Finance,Assistant,2020-01-15,C,name@company.org,098-765-4321
 ivy ,35.0,55000.0,Other,IT,Clerk,2019-12-01,D,name@company.org,555-555-5555
 jack ,30.0,65000.0,Female,Marketing,Analyst,2020-02-20,B,unknown,098-765-4321
 frank ,25.0,55000.0,Male,IT,Director,2020-02-20,D,unknown,555-555-5555
 jack ,50.0,55000.0,Male,IT,Manager,2019-12-01,F,name@company.org,123-456-7890
 jack ,35.0,50000.0,Other,Finance,Clerk,2019-12-01,D,user@domain.com,unknown
 frank ,,55000.0,Other,Finance,Analyst,2020-01-15,F,email@example.com,unknown
 alice ,,50000.0,Female,Sales,Analyst,2019-03-25,A,user@domain.com,unknown
 david ,40.0,70000.0,Other,Marketing,Analyst,2020-02-20,A,unknown,098-765-4321
 jack ,30.0,60000.0,Male,Finance,Director,2020-01-15,F,email@example.com,unknown
 frank ,35.0,50000.0,Female,HR,Director,2019-12-01,F,user@domain.com,123-456-7890
 frank ,40.0,65000.0,Male,Marketing,Director,2020-01-15,D,user@domain.com,unknown
 eve ,35.0,62500.0,Female,Marketing,Assistant,2019-12-01,F,unknown,123-456-7890
 alice ,30.0,50000.0,Other,Finance,Analyst,2018-04-05,B,unknown,123-456-7890
 hannah ,,55000.0,Female,Marketing,Clerk,2019-12-01,A,unknown,098-765-4321
 eve ,25.0,60000.0,Female,Finance,Director,2019-12-01,A,email@example.com,123-456-7890
 eve ,,60000.0,Male,IT,Director,2019-12-01,F,unknown,unknown
 grace ,40.0,70000.0,Male,Sales,Analyst,2019-03-25,C,unknown,unknown
 david ,50.0,65000.0,Female,IT,Director,2019-12-01,C,name@company.org,unknown
 frank ,25.0,60000.0,Other,Finance,Assistant,2020-02-20,F,name@company.org,098-765-4321
 david ,40.0,60000.0,Other,Finance,Assistant,2020-02-20,B,email@example.com,unknown
 charlie ,30.0,50000.0,Male,IT,Director,2020-01-15,C,name@company.org,555-555-5555
 grace ,25.0,60000.0,Other,HR,Analyst,2019-03-25,F,unknown,unknown
 hannah ,40.0,50000.0,Male,HR,Analyst,2020-01-15,B,email@example.com,555-555-5555
 david ,30.0,70000.0,Other,HR,Analyst,2020-02-20,B,unknown,555-555-5555
 bob ,,70000.0,Female,Finance,Manager,2020-02-20,D,email@example.com,098-765-4321
 jack ,50.0,55000.0,Male,Marketing,Director,2018-04-05,B,email@example.com,123-456-7890
 charlie ,30.0,70000.0,Male,Finance,Analyst,2019-12-01,C,user@domain.com,555-555-5555
 alice ,35.0,55000.0,Female,Marketing,Assistant,2020-02-20,C,user@domain.com,unknown
 hannah ,30.0,65000.0,Male,IT,Clerk,2020-01-15,F,email@example.com,123-456-7890
 charlie ,30.0,50000.0,Other,Sales,Clerk,2020-01-15,F,name@company.org,unknown
 jack ,50.0,65000.0,Other,Marketing,Analyst,2019-12-01,B,user@domain.com,unknown
 grace ,35.0,70000.0,Male,HR,Clerk,2019-12-01,A,unknown,123-456-7890
 jack ,40.0,65000.0,Other,Finance,Clerk,2018-04-05,D,unknown,123-456-7890
 eve ,40.0,65000.0,Male,IT,Manager,2019-03-25,A,user@domain.com,unknown
 jack ,30.0,65000.0,Female,HR,Assistant,2020-01-15,B,email@example.com,098-765-4321
 eve ,35.0,70000.0,Male,IT,Assistant,2019-12-01,B,name@company.org,unknown
 grace ,35.0,62500.0,Female,Sales,Manager,2020-01-15,A,unknown,unknown
 ivy ,50.0,65000.0,Other,Finance,Manager,2019-12-01,D,user@domain.com,098-765-4321
 eve ,,55000.0,Female,Finance,Clerk,2020-02-20,A,name@company.org,123-456-7890
 alice ,40.0,70000.0,Other,Sales,Director,2020-01-15,F,name@company.org,unknown
 jack ,50.0,65000.0,Male,Finance,Clerk,2020-02-20,C,name@company.org,unknown
 jack ,25.0,60000.0,Other,Marketing,Manager,2020-01-15,F,email@example.com,unknown
 alice ,40.0,70000.0,Male,IT,Assistant,2019-03-25,C,unknown,098-765-4321
 bob ,50.0,60000.0,Male,HR,Clerk,2018-04-05,B,name@company.org,unknown
 frank ,40.0,65000.0,Female,Sales,Director,2020-02-20,D,unknown,098-765-4321
 ivy ,,55000.0,Female,Marketing,Clerk,2019-12-01,A,user@domain.com,123-456-7890
 hannah ,25.0,65000.0,Female,HR,Analyst,2019-03-25,D,unknown,098-765-4321
 eve ,,60000.0,Female,HR,Clerk,2020-01-15,A,email@example.com,098-765-4321
 alice ,25.0,60000.0,Other,Sales,Manager,2020-02-20,F,email@example.com,unknown
 grace ,30.0,70000.0,Other,Marketing,Assistant,2020-01-15,F,unknown,unknown
 eve ,50.0,60000.0,Other,HR,Assistant,2020-01-15,A,unknown,unknown
 frank ,25.0,55000.0,Male,HR,Manager,2020-01-15,D,email@example.com,555-555-5555
 grace ,,55000.0,Other,Marketing,Analyst,2018-04-05,A,email@example.com,098-765-4321
 charlie ,40.0,50000.0,Other,Finance,Manager,2018-04-05,B,unknown,555-555-5555
 jack ,25.0,55000.0,Other,HR,Clerk,2019-12-01,F,email@example.com,unknown
 charlie ,50.0,62500.0,Female,IT,Manager,2020-02-20,B,unknown,unknown
 eve ,25.0,60000.0,Other,Marketing,Manager,2019-03-25,F,unknown,unknown
 frank ,35.0,55000.0,Male,HR,Analyst,2019-03-25,F,unknown,unknown
 ivy ,40.0,70000.0,Female,Sales,Clerk,2019-03-25,C,user@domain.com,unknown
 eve ,50.0,50000.0,Male,IT,Director,2020-01-15,B,unknown,123-456-7890
 alice ,50.0,60000.0,Other,HR,Director,2018-04-05,B,unknown,098-765-4321
 david ,30.0,50000.0,Female,IT,Assistant,2020-02-20,C,user@domain.com,unknown
 eve ,,60000.0,Male,IT,Manager,2020-01-15,D,name@company.org,unknown
 jack ,30.0,70000.0,Other,Finance,Assistant,2018-04-05,B,email@example.com,unknown
 jack ,50.0,50000.0,Male,IT,Analyst,2018-04-05,A,unknown,unknown
 eve ,40.0,65000.0,Male,Finance,Director,2020-02-20,C,email@example.com,unknown
 grace ,25.0,60000.0,Male,Marketing,Manager,2020-02-20,B,unknown,555-555-5555
 david ,25.0,60000.0,Other,Finance,Analyst,2020-02-20,D,email@example.com,098-765-4321
 alice ,40.0,60000.0,Other,Sales,Analyst,2020-01-15,B,user@domain.com,098-765-4321
 eve ,50.0,65000.0,Male,HR,Manager,2019-12-01,F,email@example.com,123-456-7890
 grace ,25.0,50000.0,Female,Marketing,Analyst,2020-02-20,A,email@example.com,123-456-7890
 jack ,25.0,65000.0,Female,Marketing,Manager,2019-12-01,C,email@example.com,123-456-7890
 jack ,25.0,65000.0,Other,Sales,Manager,2020-01-15,F,name@company.org,098-765-4321
 frank ,,50000.0,Other,Finance,Clerk,2019-12-01,D,name@company.org,555-555-5555
 eve ,,70000.0,Other,HR,Assistant,2019-03-25,F,unknown,098-765-4321
 david ,35.0,65000.0,Other,Finance,Analyst,2019-12-01,F,user@domain.com,098-765-4321
 bob ,30.0,65000.0,Other,IT,Analyst,2020-02-20,D,email@example.com,098-765-4321
 david ,40.0,70000.0,Female,Finance,Clerk,2020-01-15,F,email@example.com,098-765-4321
 jack ,40.0,65000.0,Other,Marketing,Clerk,2020-02-20,C,email@example.com,555-555-5555
 jack ,40.0,65000.0,Male,HR,Clerk,2019-03-25,B,email@example.com,123-456-7890
 charlie ,35.0,65000.0,Male,Finance,Director,2020-02-20,F,name@company.org,unknown
 jack ,,60000.0,Female,HR,Director,2020-02-20,C,unknown,123-456-7890
 alice ,50.0,55000.0,Male,HR,Director,2020-02-20,B,unknown,123-456-7890
 hannah ,50.0,70000.0,Female,IT,Manager,2018-04-05,B,user@domain.com,unknown
 eve ,35.0,65000.0,Female,IT,Analyst,2019-03-25,F,email@example.com,098-765-4321
 david ,50.0,62500.0,Male,Marketing,Assistant,2020-02-20,C,unknown,555-555-5555
 hannah ,40.0,70000.0,Other,Sales,Manager,2020-02-20,F,unknown,555-555-5555
 grace ,30.0,60000.0,Male,HR,Analyst,2020-02-20,D,unknown,123-456-7890
 bob ,25.0,60000.0,Male,Sales,Analyst,2020-01-15,B,name@company.org,unknown
 alice ,,65000.0,Female,Marketing,Clerk,2018-04-05,F,unknown,unknown
 david ,,60000.0,Male,HR,Clerk,2020-01-15,B,unknown,098-765-4321
 hannah ,35.0,60000.0,Female,HR,Manager,2018-04-05,C,name@company.org,123-456-7890
 bob ,,70000.0,Other,Sales,Clerk,2020-02-20,A,unknown,555-555-5555
 charlie ,40.0,70000.0,Other,Finance,Analyst,2019-03-25,F,unknown,unknown
 alice ,50.0,55000.0,Other,IT,Clerk,2019-12-01,F,unknown,unknown
 alice ,40.0,70000.0,Male,Finance,Director,2019-12-01,B,name@company.org,123-456-7890
 charlie ,35.0,65000.0,Female,Sales,Clerk,2020-02-20,C,email@example.com,unknown
 eve ,40.0,55000.0,Other,IT,Analyst,2020-01-15,D,user@domain.com,555-555-5555
 charlie ,50.0,60000.0,Female,Finance,Manager,2019-03-25,C,unknown,123-456-7890
 alice ,30.0,60000.0,Female,IT,Assistant,2018-04-05,F,name@company.org,unknown
 alice ,35.0,70000.0,Other,HR,Clerk,2020-02-20,D,unknown,unknown
 hannah ,30.0,60000.0,Other,Finance,Analyst,2019-03-25,C,name@company.org,098-765-4321
 jack ,25.0,60000.0,Female,IT,Assistant,2019-03-25,A,user@domain.com,555-555-5555
 bob ,30.0,70000.0,Other,IT,Assistant,2018-04-05,B,user@domain.com,555-555-5555
 charlie ,25.0,55000.0,Female,IT,Director,2019-03-25,C,email@example.com,unknown
 bob ,25.0,55000.0,Female,Finance,Assistant,2020-01-15,C,email@example.com,123-456-7890
 charlie ,30.0,70000.0,Other,Marketing,Analyst,2020-01-15,A,user@domain.com,unknown
 grace ,35.0,50000.0,Male,Finance,Analyst,2020-01-15,F,unknown,unknown
 alice ,50.0,70000.0,Other,Sales,Clerk,2019-03-25,B,unknown,098-765-4321
 jack ,40.0,70000.0,Male,Finance,Clerk,2020-01-15,C,unknown,098-765-4321
 hannah ,40.0,55000.0,Female,IT,Clerk,2018-04-05,D,email@example.com,098-765-4321
 jack ,50.0,55000.0,Female,HR,Assistant,2019-03-25,C,unknown,unknown
 jack ,25.0,70000.0,Male,Finance,Assistant,2019-12-01,B,email@example.com,unknown
 jack ,25.0,70000.0,Female,Finance,Director,2019-03-25,C,user@domain.com,555-555-5555
 bob ,35.0,70000.0,Male,IT,Clerk,2018-04-05,A,unknown,123-456-7890
 charlie ,,55000.0,Male,HR,Manager,2019-12-01,C,unknown,555-555-5555
 ivy ,30.0,70000.0,Female,HR,Director,2019-03-25,C,user@domain.com,unknown
 grace ,25.0,70000.0,Male,Sales,Manager,2020-01-15,D,unknown,555-555-5555
 david ,40.0,65000.0,Other,Finance,Assistant,2020-02-20,A,unknown,unknown
 jack ,35.0,50000.0,Other,HR,Director,2020-02-20,A,name@company.org,098-765-4321
 eve ,30.0,60000.0,Female,HR,Director,2020-01-15,C,email@example.com,unknown
 bob ,35.0,50000.0,Female,Marketing,Analyst,2020-02-20,D,unknown,unknown
 hannah ,30.0,65000.0,Male,Marketing,Assistant,2020-02-20,C,user@domain.com,555-555-5555
 david ,30.0,60000.0,Male,HR,Assistant,2020-01-15,C,unknown,unknown
 ivy ,50.0,70000.0,Male,Sales,Director,2020-01-15,B,unknown,555-555-5555
 eve ,25.0,65000.0,Male,HR,Assistant,2019-03-25,B,email@example.com,555-555-5555
 ivy ,35.0,70000.0,Other,IT,Director,2019-03-25,D,name@company.org,unknown
 david ,35.0,55000.0,Other,Finance,Analyst,2020-01-15,F,email@example.com,555-555-5555
 jack ,50.0,65000.0,Female,Sales,Director,2018-04-05,B,unknown,098-765-4321
 eve ,40.0,65000.0,Male,IT,Assistant,2020-02-20,F,unknown,555-555-5555
 ivy ,40.0,55000.0,Male,Sales,Assistant,2019-03-25,A,unknown,098-765-4321
 hannah ,25.0,65000.0,Female,IT,Director,2020-02-20,B,unknown,unknown
 charlie ,25.0,65000.0,Male,Finance,Director,2019-12-01,B,user@domain.com,unknown
 alice ,,55000.0,Male,Finance,Director,2020-01-15,D,name@company.org,098-765-4321
 charlie ,50.0,60000.0,Male,Marketing,Clerk,2018-04-05,F,unknown,unknown
 david ,40.0,50000.0,Male,IT,Assistant,2019-12-01,B,unknown,unknown
 bob ,30.0,70000.0,Male,Marketing,Assistant,2019-12-01,B,unknown,098-765-4321
 alice ,35.0,65000.0,Female,IT,Clerk,2019-12-01,D,name@company.org,unknown
 grace ,25.0,70000.0,Male,Marketing,Director,2020-01-15,D,email@example.com,123-456-7890
 hannah ,35.0,60000.0,Female,Finance,Analyst,2019-03-25,F,name@company.org,unknown
 grace ,35.0,55000.0,Male,Sales,Director,2020-01-15,A,name@company.org,unknown
 eve ,,70000.0,Other,Marketing,Director,2019-03-25,A,name@company.org,unknown
 alice ,40.0,55000.0,Other,IT,Clerk,2019-12-01,C,unknown,unknown
 grace ,25.0,70000.0,Other,IT,Assistant,2019-12-01,B,unknown,555-555-5555
 grace ,35.0,50000.0,Other,Finance,Director,2018-04-05,F,user@domain.com,unknown
 ivy ,25.0,50000.0,Female,IT,Assistant,2019-03-25,B,email@example.com,unknown
 charlie ,30.0,50000.0,Female,HR,Manager,2019-12-01,F,unknown,098-765-4321
 ivy ,,50000.0,Male,Sales,Assistant,2020-02-20,F,name@company.org,123-456-7890
 alice ,30.0,50000.0,Other,Marketing,Analyst,2018-04-05,F,email@example.com,555-555-5555
 alice ,25.0,50000.0,Female,Sales,Analyst,2020-01-15,B,email@example.com,098-765-4321
 david ,25.0,55000.0,Male,Finance,Director,2018-04-05,D,user@domain.com,123-456-7890
 ivy ,40.0,65000.0,Male,Marketing,Assistant,2020-02-20,B,unknown,123-456-7890
 frank ,35.0,70000.0,Female,Marketing,Director,2019-03-25,F,name@company.org,123-456-7890
 charlie ,35.0,50000.0,Other,HR,Clerk,2020-01-15,C,unknown,098-765-4321
 alice ,30.0,55000.0,Male,Finance,Analyst,2020-01-15,A,user@domain.com,555-555-5555
 david ,,55000.0,Other,IT,Director,2019-03-25,F,unknown,555-555-5555
 ivy ,50.0,55000.0,Other,HR,Clerk,2018-04-05,C,email@example.com,123-456-7890
 charlie ,35.0,65000.0,Other,HR,Director,2019-12-01,D,name@company.org,098-765-4321
 ivy ,40.0,70000.0,Male,Sales,Assistant,2018-04-05,F,unknown,123-456-7890
 grace ,30.0,65000.0,Other,Sales,Assistant,2020-02-20,C,user@domain.com,unknown
 david ,30.0,60000.0,Male,Sales,Assistant,2019-12-01,F,unknown,555-555-5555
 charlie ,50.0,55000.0,Other,HR,Assistant,2018-04-05,B,email@example.com,unknown
 jack ,40.0,60000.0,Male,IT,Manager,2019-03-25,C,name@company.org,123-456-7890
 eve ,,55000.0,Other,Marketing,Clerk,2020-02-20,B,unknown,unknown
 eve ,40.0,50000.0,Female,Sales,Clerk,2020-02-20,B,unknown,555-555-5555
 charlie ,,50000.0,Other,IT,Assistant,2020-02-20,C,email@example.com,098-765-4321
 ivy ,40.0,65000.0,Other,Finance,Manager,2019-12-01,A,unknown,555-555-5555
 david ,40.0,70000.0,Male,Sales,Assistant,2020-01-15,C,user@domain.com,098-765-4321
 eve ,25.0,60000.0,Male,Marketing,Manager,2019-12-01,A,unknown,098-765-4321
 david ,30.0,70000.0,Other,Finance,Assistant,2018-04-05,F,unknown,123-456-7890
 eve ,40.0,65000.0,Female,Finance,Analyst,2020-01-15,F,unknown,123-456-7890
 grace ,50.0,50000.0,Female,Marketing,Analyst,2018-04-05,C,email@example.com,555-555-5555
 ivy ,40.0,70000.0,Male,Sales,Director,2020-01-15,F,email@example.com,unknown
 grace ,35.0,70000.0,Female,HR,Assistant,2019-12-01,D,user@domain.com,555-555-5555
 eve ,30.0,50000.0,Other,Marketing,Clerk,2020-02-20,B,unknown,unknown
 jack ,35.0,60000.0,Male,Marketing,Director,2019-03-25,B,email@example.com,098-765-4321
 jack ,30.0,50000.0,Other,Marketing,Analyst,2020-02-20,A,user@domain.com,098-765-4321
 grace ,35.0,70000.0,Male,Finance,Assistant,2019-12-01,F,user@domain.com,123-456-7890
 jack ,40.0,60000.0,Male,IT,Director,2020-01-15,A,unknown,unknown
 eve ,40.0,60000.0,Male,HR,Assistant,2020-02-20,B,name@company.org,123-456-7890
 charlie ,25.0,50000.0,Male,Sales,Analyst,2019-12-01,B,unknown,unknown
 grace ,50.0,70000.0,Female,Sales,Director,2018-04-05,F,name@company.org,555-555-5555
 bob ,35.0,65000.0,Other,IT,Analyst,2019-03-25,D,user@domain.com,555-555-5555
 ivy ,,70000.0,Other,Marketing,Manager,2020-02-20,D,email@example.com,unknown
 jack ,25.0,55000.0,Other,HR,Analyst,2020-01-15,F,unknown,123-456-7890
 jack ,35.0,55000.0,Male,Sales,Assistant,2018-04-05,F,user@domain.com,123-456-7890
 alice ,35.0,65000.0,Female,Sales,Clerk,2019-12-01,A,email@example.com,unknown
 frank ,25.0,60000.0,Other,Marketing,Analyst,2019-03-25,F,user@domain.com,555-555-5555
 grace ,40.0,65000.0,Female,IT,Clerk,2020-01-15,D,unknown,123-456-7890
 hannah ,35.0,60000.0,Male,HR,Manager,2019-12-01,F,name@company.org,unknown
 jack ,40.0,60000.0,Other,IT,Director,2019-12-01,A,user@domain.com,555-555-5555
 ivy ,25.0,65000.0,Female,IT,Director,2020-02-20,A,email@example.com,unknown
 bob ,40.0,60000.0,Male,HR,Clerk,2020-02-20,A,unknown,unknown
 jack ,30.0,60000.0,Female,HR,Director,2020-01-15,A,unknown,098-765-4321
 bob ,,55000.0,Other,Sales,Analyst,2019-12-01,C,unknown,unknown
 eve ,35.0,70000.0,Other,Sales,Clerk,2020-02-20,F,name@company.org,unknown
 eve ,50.0,70000.0,Male,HR,Assistant,2019-03-25,B,unknown,123-456-7890
 frank ,,60000.0,Male,Finance,Analyst,2019-03-25,F,unknown,098-765-4321
 charlie ,40.0,60000.0,Male,Sales,Analyst,2019-12-01,C,email@example.com,unknown
 hannah ,35.0,55000.0,Female,Finance,Analyst,2020-02-20,A,user@domain.com,123-456-7890
 alice ,40.0,60000.0,Female,HR,Assistant,2020-01-15,C,name@company.org,098-765-4321
 frank ,30.0,65000.0,Female,Sales,Manager,2020-01-15,D,unknown,555-555-5555
 david ,25.0,50000.0,Male,IT,Director,2020-01-15,D,name@company.org,123-456-7890
 alice ,35.0,50000.0,Other,HR,Clerk,2019-03-25,F,unknown,unknown
 grace ,30.0,50000.0,Other,Marketing,Manager,2020-02-20,F,name@company.org,unknown
 ivy ,30.0,55000.0,Female,Finance,Clerk,2020-02-20,B,unknown,098-765-4321
 david ,35.0,55000.0,Female,HR,Director,2019-03-25,B,user@domain.com,123-456-7890
 david ,40.0,60000.0,Other,HR,Assistant,2020-01-15,D,user@domain.com,555-555-5555
 frank ,50.0,50000.0,Other,Sales,Analyst,2020-01-15,A,name@company.org,unknown
 charlie ,30.0,65000.0,Female,Sales,Analyst,2019-12-01,C,email@example.com,unknown
 frank ,,55000.0,Female,Sales,Assistant,2018-04-05,B,name@company.org,123-456-7890
 grace ,30.0,65000.0,Other,Marketing,Manager,2020-02-20,B,unknown,555-555-5555
 jack ,50.0,62500.0,Male,Sales,Manager,2020-02-20,A,user@domain.com,098-765-4321
 jack ,40.0,50000.0,Female,HR,Clerk,2020-02-20,A,user@domain.com,123-456-7890
 charlie ,40.0,50000.0,Other,Sales,Assistant,2018-04-05,F,user@domain.com,098-765-4321
 grace ,,50000.0,Other,IT,Manager,2019-12-01,C,email@example.com,unknown
 charlie ,30.0,55000.0,Other,Sales,Assistant,2018-04-05,A,email@example.com,098-765-4321
 bob ,40.0,60000.0,Other,Marketing,Director,2020-01-15,B,unknown,555-555-5555
 jack ,50.0,55000.0,Male,IT,Analyst,2020-01-15,B,name@company.org,unknown
 david ,35.0,55000.0,Other,HR,Analyst,2020-02-20,D,name@company.org,555-555-5555
 hannah ,25.0,70000.0,Female,HR,Analyst,2019-03-25,A,unknown,098-765-4321
 ivy ,25.0,65000.0,Male,Finance,Assistant,2020-02-20,F,user@domain.com,123-456-7890
 grace ,25.0,65000.0,Other,IT,Assistant,2019-03-25,C,email@example.com,unknown
 alice ,30.0,60000.0,Male,Finance,Clerk,2018-04-05,F,unknown,unknown
 charlie ,,55000.0,Female,IT,Analyst,2020-01-15,B,unknown,123-456-7890
 ivy ,40.0,55000.0,Other,IT,Clerk,2019-03-25,F,email@example.com,123-456-7890
 alice ,35.0,70000.0,Female,Marketing,Analyst,2018-04-05,B,name@company.org,555-555-5555
 ivy ,50.0,70000.0,Other,Finance,Clerk,2020-01-15,B,user@domain.com,098-765-4321
 hannah ,35.0,65000.0,Other,Marketing,Clerk,2019-03-25,B,name@company.org,555-555-5555
 alice ,50.0,55000.0,Other,IT,Director,2020-02-20,B,unknown,098-765-4321
 frank ,30.0,60000.0,Other,HR,Clerk,2020-02-20,B,user@domain.com,555-555-5555
 eve ,25.0,55000.0,Other,IT,Assistant,2020-02-20,D,unknown,123-456-7890
 frank ,30.0,50000.0,Male,Marketing,Clerk,2018-04-05,F,unknown,unknown
 jack ,,55000.0,Other,Finance,Analyst,2020-02-20,D,name@company.org,098-765-4321
 eve ,,50000.0,Other,Finance,Clerk,2019-12-01,D,name@company.org,unknown
 frank ,50.0,50000.0,Male,Marketing,Manager,2020-01-15,A,name@company.org,unknown
 eve ,40.0,60000.0,Male,Finance,Analyst,2018-04-05,A,email@example.com,123-456-7890
 eve ,40.0,62500.0,Male,Sales,Manager,2020-02-20,A,unknown,555-555-5555
 david ,50.0,65000.0,Male,HR,Analyst,2020-01-15,C,user@domain.com,555-555-5555
 charlie ,,55000.0,Male,HR,Assistant,2019-03-25,A,name@company.org,123-456-7890
 charlie ,,50000.0,Male,HR,Assistant,2020-02-20,F,name@company.org,unknown
 david ,,55000.0,Other,Finance,Assistant,2020-01-15,D,email@example.com,unknown
 ivy ,30.0,60000.0,Other,Finance,Manager,2019-12-01,F,user@domain.com,555-555-5555
 bob ,,65000.0,Female,IT,Director,2019-03-25,A,unknown,098-765-4321
 ivy ,35.0,57500.0,Other,IT,Analyst,2019-12-01,C,unknown,unknown
 alice ,25.0,65000.0,Other,HR,Assistant,2020-01-15,C,email@example.com,098-765-4321
 alice ,,70000.0,Male,Sales,Analyst,2019-12-01,D,unknown,unknown
 eve ,50.0,65000.0,Male,IT,Manager,2020-01-15,F,unknown,098-765-4321
 frank ,25.0,60000.0,Other,IT,Director,2020-01-15,B,name@company.org,unknown
 frank ,30.0,60000.0,Female,Finance,Manager,2019-12-01,F,name@company.org,098-765-4321
 charlie ,50.0,50000.0,Male,Sales,Analyst,2020-01-15,A,user@domain.com,098-765-4321
 grace ,25.0,70000.0,Other,HR,Director,2020-02-20,B,unknown,098-765-4321
 ivy ,50.0,60000.0,Other,IT,Director,2020-01-15,C,name@company.org,098-765-4321
 jack ,30.0,55000.0,Female,Sales,Manager,2018-04-05,D,name@company.org,123-456-7890
 hannah ,35.0,55000.0,Female,Sales,Assistant,2020-01-15,D,user@domain.com,unknown
 frank ,30.0,50000.0,Male,HR,Analyst,2018-04-05,C,unknown,unknown
 hannah ,30.0,65000.0,Female,Sales,Clerk,2020-01-15,A,name@company.org,unknown
 eve ,50.0,50000.0,Other,Sales,Clerk,2020-01-15,C,email@example.com,123-456-7890
 hannah ,40.0,55000.0,Other,Sales,Manager,2019-12-01,A,email@example.com,123-456-7890
 jack ,,70000.0,Female,IT,Analyst,2020-02-20,B,unknown,123-456-7890
 david ,,70000.0,Female,HR,Analyst,2020-02-20,C,unknown,123-456-7890
 jack ,35.0,62500.0,Female,Sales,Manager,2019-03-25,A,user@domain.com,098-765-4321
 hannah ,35.0,70000.0,Female,Sales,Analyst,2019-12-01,B,email@example.com,unknown
 jack ,,60000.0,Male,IT,Assistant,2019-12-01,C,email@example.com,555-555-5555
 bob ,40.0,60000.0,Female,HR,Manager,2020-02-20,D,unknown,unknown
 eve ,,55000.0,Male,Finance,Assistant,2019-12-01,C,unknown,123-456-7890
 ivy ,40.0,65000.0,Other,IT,Analyst,2020-02-20,F,unknown,unknown
 david ,35.0,60000.0,Female,HR,Manager,2019-12-01,C,unknown,123-456-7890
 frank ,25.0,60000.0,Male,Sales,Analyst,2020-01-15,F,email@example.com,123-456-7890
 alice ,50.0,60000.0,Female,HR,Manager,2020-02-20,B,user@domain.com,123-456-7890
 ivy ,35.0,60000.0,Other,HR,Analyst,2020-02-20,C,email@example.com,123-456-7890
 alice ,35.0,50000.0,Other,HR,Assistant,2018-04-05,B,unknown,123-456-7890
 eve ,30.0,55000.0,Other,Finance,Assistant,2019-12-01,B,email@example.com,unknown
 david ,30.0,65000.0,Female,HR,Analyst,2019-12-01,A,user@domain.com,unknown
 charlie ,30.0,70000.0,Female,Finance,Manager,2020-02-20,B,name@company.org,123-456-7890
 frank ,50.0,70000.0,Male,Sales,Clerk,2020-01-15,B,email@example.com,123-456-7890
 bob ,30.0,55000.0,Other,Finance,Assistant,2020-01-15,C,unknown,123-456-7890
 charlie ,40.0,55000.0,Female,Sales,Assistant,2020-01-15,C,name@company.org,123-456-7890
 eve ,,70000.0,Other,Sales,Clerk,2019-12-01,D,unknown,098-765-4321
 ivy ,25.0,70000.0,Other,Finance,Analyst,2018-04-05,A,unknown,098-765-4321
 bob ,35.0,65000.0,Male,IT,Manager,2020-02-20,B,unknown,555-555-5555
 jack ,40.0,60000.0,Male,Marketing,Analyst,2019-03-25,A,email@example.com,123-456-7890
 hannah ,25.0,55000.0,Male,HR,Director,2018-04-05,F,unknown,555-555-5555
 bob ,40.0,60000.0,Male,Marketing,Assistant,2019-03-25,B,name@company.org,unknown
 eve ,40.0,65000.0,Other,HR,Director,2018-04-05,A,user@domain.com,555-555-5555
 grace ,35.0,70000.0,Male,HR,Assistant,2020-01-15,D,unknown,unknown
 hannah ,,55000.0,Male,Sales,Assistant,2019-12-01,D,email@example.com,098-765-4321
 alice ,30.0,60000.0,Male,HR,Director,2019-03-25,B,unknown,098-765-4321
 frank ,50.0,70000.0,Male,HR,Director,2018-04-05,F,user@domain.com,123-456-7890
 alice ,,70000.0,Other,Finance,Analyst,2019-12-01,D,name@company.org,123-456-7890
 bob ,50.0,50000.0,Male,Marketing,Director,2019-03-25,D,unknown,unknown
 alice ,35.0,60000.0,Other,Finance,Analyst,2020-02-20,F,unknown,unknown
 eve ,35.0,60000.0,Female,HR,Analyst,2018-04-05,A,user@domain.com,unknown
 jack ,35.0,60000.0,Other,Sales,Analyst,2020-02-20,D,email@example.com,123-456-7890
 ivy ,25.0,70000.0,Other,Finance,Assistant,2020-01-15,C,name@company.org,123-456-7890
 frank ,50.0,55000.0,Male,Finance,Assistant,2020-02-20,D,user@domain.com,unknown
 alice ,,65000.0,Female,IT,Director,2020-02-20,A,unknown,unknown
 alice ,,50000.0,Female,HR,Assistant,2018-04-05,A,name@company.org,unknown
 bob ,40.0,70000.0,Female,Sales,Director,2020-01-15,B,unknown,098-765-4321
 ivy ,40.0,55000.0,Female,Finance,Assistant,2020-02-20,C,user@domain.com,555-555-5555
 charlie ,40.0,55000.0,Other,Finance,Manager,2019-12-01,A,unknown,555-555-5555
 alice ,35.0,50000.0,Female,Sales,Manager,2019-03-25,F,unknown,123-456-7890
 eve ,,65000.0,Other,HR,Director,2020-02-20,C,unknown,098-765-4321
 grace ,50.0,70000.0,Other,IT,Assistant,2020-01-15,C,email@example.com,unknown
 frank ,35.0,60000.0,Other,Finance,Assistant,2020-02-20,F,unknown,123-456-7890
 alice ,25.0,50000.0,Female,IT,Analyst,2019-03-25,D,unknown,098-765-4321
 eve ,40.0,65000.0,Male,Marketing,Clerk,2020-01-15,F,unknown,unknown
 eve ,35.0,60000.0,Male,HR,Director,2018-04-05,F,name@company.org,098-765-4321
 frank ,35.0,55000.0,Female,Marketing,Clerk,2020-01-15,D,unknown,123-456-7890
 charlie ,25.0,55000.0,Male,Marketing,Clerk,2018-04-05,D,unknown,555-555-5555
 eve ,30.0,60000.0,Male,Marketing,Director,2020-01-15,D,user@domain.com,unknown
 grace ,,50000.0,Other,HR,Assistant,2019-03-25,D,email@example.com,unknown
 eve ,50.0,55000.0,Other,HR,Director,2019-03-25,D,name@company.org,098-765-4321
 eve ,30.0,70000.0,Female,Sales,Clerk,2020-01-15,F,unknown,123-456-7890
 eve ,40.0,60000.0,Female,IT,Assistant,2020-02-20,B,user@domain.com,123-456-7890
 jack ,35.0,60000.0,Male,IT,Manager,2019-03-25,B,email@example.com,unknown
 jack ,25.0,60000.0,Other,Sales,Director,2018-04-05,A,name@company.org,123-456-7890
 charlie ,25.0,55000.0,Female,Sales,Director,2018-04-05,B,name@company.org,123-456-7890
 alice ,,50000.0,Female,Marketing,Assistant,2019-12-01,B,unknown,unknown
 eve ,30.0,70000.0,Female,Sales,Manager,2018-04-05,F,name@company.org,unknown
 ivy ,,50000.0,Female,Finance,Manager,2019-12-01,D,user@domain.com,555-555-5555
 alice ,35.0,65000.0,Female,IT,Assistant,2020-01-15,D,name@company.org,555-555-5555
 charlie ,,65000.0,Female,Sales,Analyst,2020-01-15,F,unknown,098-765-4321
 david ,50.0,60000.0,Male,Finance,Director,2020-01-15,B,user@domain.com,unknown
 alice ,25.0,55000.0,Other,Finance,Director,2020-02-20,F,email@example.com,098-765-4321
 alice ,25.0,55000.0,Other,Finance,Clerk,2020-02-20,A,email@example.com,555-555-5555
 hannah ,40.0,55000.0,Female,Finance,Assistant,2019-12-01,D,unknown,unknown
 bob ,40.0,55000.0,Other,Marketing,Clerk,2018-04-05,C,unknown,123-456-7890
 hannah ,35.0,65000.0,Other,Finance,Clerk,2018-04-05,A,unknown,555-555-5555
 grace ,50.0,50000.0,Other,Marketing,Manager,2020-01-15,A,email@example.com,unknown
 jack ,30.0,60000.0,Female,Marketing,Director,2019-03-25,F,email@example.com,555-555-5555
 jack ,,60000.0,Female,Finance,Clerk,2020-02-20,B,email@example.com,unknown
 bob ,35.0,50000.0,Other,IT,Manager,2020-02-20,D,email@example.com,unknown
 frank ,40.0,55000.0,Other,Finance,Assistant,2020-01-15,C,name@company.org,unknown
 frank ,,70000.0,Female,Finance,Clerk,2020-02-20,A,user@domain.com,098-765-4321
 charlie ,40.0,50000.0,Male,Finance,Director,2020-01-15,C,user@domain.com,unknown
 bob ,,65000.0,Other,IT,Clerk,2019-12-01,B,unknown,555-555-5555
 alice ,30.0,60000.0,Male,HR,Assistant,2018-04-05,B,name@company.org,unknown
 frank ,35.0,60000.0,Other,HR,Clerk,2019-03-25,C,email@example.com,123-456-7890
 eve ,,60000.0,Male,Marketing,Director,2018-04-05,D,email@example.com,555-555-5555
 ivy ,50.0,60000.0,Male,Marketing,Manager,2018-04-05,B,unknown,unknown
 alice ,25.0,70000.0,Male,IT,Director,2019-12-01,C,unknown,unknown
 grace ,50.0,55000.0,Female,Sales,Manager,2020-02-20,A,unknown,123-456-7890
 eve ,50.0,65000.0,Male,HR,Analyst,2019-03-25,C,email@example.com,unknown
 eve ,25.0,70000.0,Male,Marketing,Director,2020-02-20,C,unknown,555-555-5555
 bob ,50.0,65000.0,Male,HR,Director,2018-04-05,F,name@company.org,555-555-5555
 charlie ,,65000.0,Other,IT,Assistant,2020-01-15,B,user@domain.com,123-456-7890
 grace ,,55000.0,Male,IT,Clerk,2018-04-05,D,email@example.com,unknown
 frank ,,62500.0,Other,Sales,Manager,2020-02-20,D,name@company.org,555-555-5555
 bob ,25.0,60000.0,Male,Sales,Manager,2018-04-05,F,email@example.com,555-555-5555
 frank ,50.0,55000.0,Male,IT,Assistant,2020-01-15,D,unknown,555-555-5555
 bob ,25.0,70000.0,Female,Marketing,Assistant,2019-12-01,C,unknown,unknown
 bob ,,60000.0,Other,HR,Clerk,2020-02-20,F,unknown,123-456-7890
 bob ,50.0,70000.0,Male,Finance,Clerk,2018-04-05,A,user@domain.com,555-555-5555
 charlie ,50.0,65000.0,Other,Sales,Director,2020-02-20,B,unknown,unknown
 bob ,40.0,70000.0,Other,Finance,Analyst,2019-12-01,B,email@example.com,unknown
 david ,40.0,55000.0,Female,Marketing,Clerk,2018-04-05,B,unknown,098-765-4321
 ivy ,30.0,55000.0,Female,Sales,Assistant,2018-04-05,C,email@example.com,123-456-7890
 frank ,35.0,60000.0,Female,Finance,Clerk,2020-02-20,A,user@domain.com,unknown
 alice ,40.0,65000.0,Female,Marketing,Manager,2020-02-20,F,unknown,555-555-5555
 hannah ,25.0,65000.0,Female,HR,Analyst,2020-01-15,F,unknown,098-765-4321
 grace ,40.0,50000.0,Female,Marketing,Director,2019-12-01,B,unknown,123-456-7890
 jack ,30.0,70000.0,Female,Sales,Manager,2020-01-15,A,unknown,unknown
 charlie ,50.0,65000.0,Female,IT,Manager,2018-04-05,A,unknown,098-765-4321
 alice ,30.0,50000.0,Male,HR,Analyst,2020-02-20,A,unknown,098-765-4321
 eve ,50.0,65000.0,Other,Finance,Director,2018-04-05,D,unknown,unknown
 david ,50.0,70000.0,Female,Sales,Assistant,2018-04-05,D,email@example.com,123-456-7890
 jack ,35.0,60000.0,Female,IT,Director,2019-03-25,B,user@domain.com,unknown
 hannah ,40.0,60000.0,Other,Marketing,Clerk,2019-03-25,A,unknown,unknown
 alice ,25.0,70000.0,Male,IT,Manager,2018-04-05,A,email@example.com,555-555-5555
 jack ,25.0,55000.0,Other,Sales,Clerk,2020-02-20,F,unknown,unknown
 alice ,,65000.0,Other,Sales,Assistant,2018-04-05,F,email@example.com,098-765-4321
 david ,50.0,65000.0,Female,IT,Clerk,2019-03-25,B,unknown,123-456-7890
 hannah ,25.0,60000.0,Other,Marketing,Director,2020-02-20,A,unknown,unknown
 eve ,35.0,55000.0,Other,IT,Clerk,2018-04-05,B,unknown,unknown
 bob ,50.0,55000.0,Female,Sales,Assistant,2019-12-01,F,unknown,123-456-7890
 frank ,35.0,55000.0,Female,Sales,Assistant,2019-12-01,F,name@company.org,unknown
 eve ,25.0,60000.0,Female,Finance,Assistant,2018-04-05,D,email@example.com,555-555-5555
 bob ,25.0,65000.0,Female,Finance,Director,2020-02-20,B,name@company.org,unknown
 charlie ,,65000.0,Other,HR,Assistant,2018-04-05,B,email@example.com,555-555-5555
 ivy ,25.0,60000.0,Other,Sales,Manager,2018-04-05,A,user@domain.com,098-765-4321
 grace ,50.0,50000.0,Male,Finance,Assistant,2019-03-25,A,unknown,098-765-4321
 grace ,50.0,55000.0,Male,IT,Clerk,2019-12-01,D,user@domain.com,unknown
 frank ,50.0,60000.0,Other,Marketing,Clerk,2019-03-25,C,user@domain.com,555-555-5555
 hannah ,,55000.0,Male,IT,Clerk,2019-03-25,C,email@example.com,098-765-4321
 david ,,70000.0,Other,Marketing,Director,2018-04-05,C,name@company.org,unknown
 hannah ,25.0,65000.0,Male,Finance,Clerk,2019-03-25,B,unknown,123-456-7890
 david ,30.0,60000.0,Female,HR,Director,2019-12-01,B,email@example.com,123-456-7890
 hannah ,30.0,55000.0,Male,IT,Director,2019-03-25,F,unknown,555-555-5555
 ivy ,,60000.0,Female,IT,Assistant,2019-12-01,B,user@domain.com,unknown
 charlie ,25.0,70000.0,Female,IT,Manager,2019-03-25,B,unknown,unknown
 charlie ,30.0,65000.0,Female,Marketing,Assistant,2019-12-01,B,name@company.org,555-555-5555
 bob ,25.0,60000.0,Female,Finance,Assistant,2019-03-25,D,email@example.com,123-456-7890
 jack ,25.0,70000.0,Male,IT,Director,2019-03-25,B,name@company.org,555-555-5555
 charlie ,25.0,65000.0,Other,IT,Director,2020-02-20,A,name@company.org,unknown
 charlie ,40.0,60000.0,Female,HR,Clerk,2019-12-01,A,email@example.com,098-765-4321
 eve ,50.0,50000.0,Male,HR,Clerk,2019-12-01,F,name@company.org,unknown
 eve ,25.0,50000.0,Female,Finance,Assistant,2019-12-01,D,unknown,098-765-4321
 bob ,40.0,55000.0,Male,Finance,Analyst,2020-01-15,A,unknown,098-765-4321
 jack ,,65000.0,Male,Sales,Analyst,2019-03-25,D,unknown,098-765-4321
 frank ,30.0,50000.0,Male,HR,Clerk,2019-12-01,D,unknown,555-555-5555
 eve ,50.0,60000.0,Other,Sales,Analyst,2020-01-15,F,name@company.org,123-456-7890
 frank ,30.0,65000.0,Male,Marketing,Clerk,2020-02-20,D,email@example.com,555-555-5555
 alice ,50.0,60000.0,Male,Sales,Director,2019-12-01,B,email@example.com,123-456-7890
 eve ,30.0,60000.0,Other,IT,Assistant,2019-12-01,D,unknown,unknown
 ivy ,50.0,50000.0,Other,Sales,Manager,2020-01-15,F,email@example.com,unknown
 jack ,30.0,65000.0,Male,Finance,Assistant,2019-03-25,F,unknown,unknown
 bob ,30.0,55000.0,Other,Marketing,Clerk,2020-02-20,F,name@company.org,555-555-5555
 alice ,30.0,70000.0,Female,IT,Clerk,2019-12-01,A,email@example.com,555-555-5555
 jack ,30.0,50000.0,Female,Sales,Assistant,2019-03-25,B,email@example.com,123-456-7890
 ivy ,,50000.0,Other,Marketing,Clerk,2020-02-20,A,user@domain.com,555-555-5555
 jack ,25.0,60000.0,Other,Marketing,Analyst,2018-04-05,C,user@domain.com,098-765-4321
 ivy ,35.0,65000.0,Male,IT,Analyst,2018-04-05,B,user@domain.com,555-555-5555
 ivy ,40.0,65000.0,Other,Sales,Clerk,2020-02-20,D,name@company.org,123-456-7890
 frank ,35.0,60000.0,Male,Marketing,Clerk,2020-01-15,F,unknown,123-456-7890
 hannah ,35.0,60000.0,Female,Marketing,Analyst,2020-02-20,C,unknown,098-765-4321
 alice ,50.0,60000.0,Other,HR,Clerk,2020-02-20,B,unknown,123-456-7890
 jack ,25.0,65000.0,Male,Marketing,Clerk,2020-01-15,A,name@company.org,unknown
 david ,50.0,60000.0,Male,HR,Assistant,2020-01-15,F,name@company.org,unknown
 alice ,25.0,50000.0,Female,Sales,Manager,2019-03-25,A,user@domain.com,555-555-5555
 hannah ,25.0,55000.0,Other,Sales,Analyst,2019-03-25,B,email@example.com,unknown
 alice ,30.0,70000.0,Female,Sales,Assistant,2020-01-15,B,unknown,555-555-5555
 charlie ,,50000.0,Male,Finance,Manager,2018-04-05,C,unknown,unknown
 david ,30.0,65000.0,Male,Sales,Clerk,2018-04-05,D,email@example.com,555-555-5555
 hannah ,,70000.0,Other,Marketing,Clerk,2020-02-20,A,user@domain.com,098-765-4321
 frank ,50.0,55000.0,Male,IT,Assistant,2019-12-01,C,email@example.com,123-456-7890
 jack ,,55000.0,Other,HR,Clerk,2020-02-20,F,email@example.com,123-456-7890
 grace ,50.0,60000.0,Female,Finance,Director,2020-02-20,D,unknown,098-765-4321
 hannah ,35.0,70000.0,Other,Sales,Assistant,2019-12-01,C,user@domain.com,unknown
 bob ,35.0,60000.0,Other,Sales,Manager,2020-01-15,A,name@company.org,unknown
 jack ,,50000.0,Male,IT,Assistant,2018-04-05,B,unknown,unknown
 hannah ,,57500.0,Male,IT,Analyst,2020-02-20,F,name@company.org,123-456-7890
 charlie ,50.0,55000.0,Other,Finance,Assistant,2019-12-01,A,user@domain.com,unknown
 grace ,30.0,60000.0,Male,HR,Clerk,2019-03-25,D,email@example.com,555-555-5555
 charlie ,50.0,70000.0,Male,Sales,Clerk,2020-02-20,D,unknown,unknown
 grace ,30.0,60000.0,Male,Finance,Director,2018-04-05,B,unknown,unknown
 bob ,35.0,50000.0,Other,Marketing,Director,2020-01-15,B,user@domain.com,098-765-4321
 jack ,25.0,60000.0,Male,Marketing,Director,2020-02-20,F,unknown,555-555-5555
 frank ,,70000.0,Other,Finance,Manager,2020-02-20,F,name@company.org,unknown
 charlie ,30.0,60000.0,Male,Sales,Director,2019-12-01,B,unknown,555-555-5555
 charlie ,50.0,70000.0,Female,Finance,Manager,2019-03-25,B,user@domain.com,unknown
 ivy ,35.0,60000.0,Male,Sales,Director,2019-03-25,D,user@domain.com,123-456-7890
 grace ,30.0,55000.0,Male,IT,Manager,2020-01-15,B,name@company.org,unknown
 eve ,50.0,60000.0,Other,Finance,Assistant,2018-04-05,C,unknown,098-765-4321
 jack ,,55000.0,Other,Sales,Assistant,2020-01-15,A,unknown,unknown
 grace ,,55000.0,Male,Finance,Clerk,2020-02-20,B,email@example.com,unknown
 ivy ,40.0,60000.0,Female,Finance,Manager,2020-02-20,F,unknown,098-765-4321
 alice ,25.0,70000.0,Male,Sales,Analyst,2019-03-25,C,user@domain.com,unknown
 grace ,40.0,70000.0,Male,Sales,Clerk,2018-04-05,F,email@example.com,unknown
 frank ,35.0,70000.0,Female,HR,Assistant,2019-12-01,C,user@domain.com,unknown
 jack ,30.0,65000.0,Other,Finance,Manager,2018-04-05,B,email@example.com,555-555-5555
 ivy ,35.0,50000.0,Male,Marketing,Director,2020-02-20,A,unknown,unknown
 alice ,50.0,70000.0,Other,Finance,Analyst,2019-12-01,F,email@example.com,unknown
 david ,,55000.0,Other,Finance,Assistant,2018-04-05,C,user@domain.com,123-456-7890
 ivy ,40.0,70000.0,Female,Sales,Clerk,2018-04-05,D,unknown,unknown
 david ,40.0,65000.0,Female,Finance,Manager,2019-12-01,B,user@domain.com,555-555-5555
 jack ,40.0,60000.0,Other,Finance,Analyst,2020-02-20,A,name@company.org,098-765-4321
 charlie ,35.0,55000.0,Male,Marketing,Manager,2018-04-05,B,name@company.org,098-765-4321
 ivy ,,65000.0,Other,Sales,Director,2019-12-01,D,name@company.org,098-765-4321
 bob ,30.0,60000.0,Male,Finance,Clerk,2020-02-20,A,name@company.org,123-456-7890
 david ,50.0,55000.0,Male,IT,Manager,2019-12-01,D,unknown,555-555-5555
 frank ,30.0,60000.0,Female,HR,Assistant,2019-12-01,B,unknown,unknown
 bob ,35.0,50000.0,Male,Marketing,Clerk,2018-04-05,C,unknown,098-765-4321
 hannah ,50.0,50000.0,Male,Finance,Assistant,2020-02-20,B,user@domain.com,555-555-5555
 hannah ,40.0,65000.0,Other,IT,Manager,2018-04-05,B,email@example.com,unknown
 alice ,25.0,60000.0,Female,Finance,Clerk,2020-01-15,B,user@domain.com,123-456-7890
 charlie ,35.0,50000.0,Male,Finance,Assistant,2020-01-15,F,user@domain.com,555-555-5555
 jack ,35.0,65000.0,Male,Sales,Director,2020-02-20,D,user@domain.com,555-555-5555
 ivy ,,65000.0,Female,Sales,Director,2019-12-01,D,user@domain.com,unknown
 eve ,30.0,65000.0,Other,Sales,Manager,2018-04-05,D,unknown,555-555-5555
 frank ,35.0,65000.0,Female,IT,Clerk,2018-04-05,F,email@example.com,unknown
 david ,35.0,65000.0,Female,Finance,Analyst,2020-02-20,C,user@domain.com,123-456-7890
 jack ,40.0,50000.0,Male,HR,Clerk,2020-02-20,B,unknown,123-456-7890
 bob ,40.0,65000.0,Male,Marketing,Director,2020-01-15,C,user@domain.com,unknown
 hannah ,50.0,50000.0,Other,Sales,Assistant,2019-03-25,F,name@company.org,unknown
 frank ,25.0,65000.0,Male,Sales,Analyst,2020-02-20,D,user@domain.com,unknown
 eve ,,70000.0,Male,Finance,Manager,2019-03-25,B,user@domain.com,098-765-4321
 ivy ,25.0,60000.0,Female,Finance,Analyst,2020-02-20,A,unknown,098-765-4321
 alice ,50.0,65000.0,Male,IT,Manager,2019-12-01,A,name@company.org,unknown
 eve ,40.0,55000.0,Other,IT,Analyst,2019-12-01,C,email@example.com,123-456-7890
 frank ,30.0,62500.0,Female,Sales,Manager,2020-01-15,D,user@domain.com,098-765-4321
 eve ,40.0,60000.0,Other,Finance,Manager,2020-01-15,A,email@example.com,555-555-5555
 frank ,,65000.0,Female,HR,Analyst,2019-03-25,C,name@company.org,123-456-7890
 frank ,40.0,60000.0,Male,Marketing,Analyst,2020-02-20,F,user@domain.com,555-555-5555
 grace ,,65000.0,Female,Finance,Manager,2018-04-05,C,unknown,unknown
 david ,,60000.0,Female,Finance,Director,2020-01-15,C,unknown,123-456-7890
 hannah ,,55000.0,Male,IT,Analyst,2018-04-05,C,unknown,unknown
 grace ,50.0,55000.0,Male,Marketing,Clerk,2018-04-05,B,unknown,unknown
 ivy ,,55000.0,Other,Sales,Assistant,2020-02-20,C,unknown,unknown
 grace ,,50000.0,Other,Finance,Manager,2019-03-25,C,unknown,555-555-5555
 charlie ,30.0,70000.0,Male,Sales,Manager,2020-02-20,B,unknown,unknown
 charlie ,25.0,55000.0,Male,Finance,Assistant,2020-01-15,B,user@domain.com,098-765-4321
 hannah ,35.0,65000.0,Male,Sales,Director,2018-04-05,F,email@example.com,123-456-7890
 eve ,25.0,50000.0,Female,Marketing,Assistant,2020-02-20,D,email@example.com,098-765-4321
 david ,,70000.0,Female,IT,Analyst,2020-02-20,A,unknown,555-555-5555
 hannah ,30.0,65000.0,Female,Marketing,Assistant,2020-02-20,A,unknown,555-555-5555
 frank ,40.0,60000.0,Male,HR,Manager,2020-01-15,C,name@company.org,123-456-7890
 bob ,30.0,65000.0,Other,IT,Assistant,2019-03-25,F,unknown,unknown
 david ,,55000.0,Male,Marketing,Clerk,2020-02-20,C,unknown,unknown
 david ,30.0,55000.0,Female,HR,Analyst,2020-01-15,A,unknown,555-555-5555
 frank ,30.0,60000.0,Female,Finance,Assistant,2018-04-05,B,user@domain.com,123-456-7890
 frank ,,50000.0,Male,Finance,Manager,2019-12-01,D,user@domain.com,unknown
 alice ,50.0,70000.0,Male,Sales,Analyst,2020-01-15,F,email@example.com,unknown
 hannah ,30.0,65000.0,Female,IT,Manager,2019-12-01,B,email@example.com,555-555-5555
 frank ,35.0,55000.0,Female,Finance,Director,2020-02-20,D,name@company.org,123-456-7890
 charlie ,35.0,50000.0,Female,IT,Clerk,2020-02-20,F,name@company.org,123-456-7890
 ivy ,30.0,60000.0,Male,Finance,Director,2020-01-15,F,name@company.org,123-456-7890
 bob ,50.0,65000.0,Female,Sales,Clerk,2019-12-01,A,name@company.org,555-555-5555
 hannah ,40.0,55000.0,Female,Marketing,Assistant,2020-02-20,B,unknown,unknown
 jack ,,60000.0,Other,Sales,Analyst,2018-04-05,F,unknown,123-456-7890
 charlie ,35.0,65000.0,Male,HR,Assistant,2019-03-25,F,email@example.com,unknown
 eve ,40.0,70000.0,Other,Finance,Clerk,2019-03-25,D,user@domain.com,123-456-7890
 frank ,30.0,55000.0,Other,HR,Clerk,2020-02-20,A,user@domain.com,unknown
 jack ,40.0,55000.0,Female,HR,Clerk,2019-12-01,C,unknown,555-555-5555
 frank ,25.0,65000.0,Male,IT,Manager,2020-02-20,A,unknown,123-456-7890
 david ,35.0,60000.0,Female,Finance,Analyst,2019-12-01,C,name@company.org,123-456-7890
 charlie ,30.0,50000.0,Male,HR,Assistant,2018-04-05,B,name@company.org,unknown
 david ,,70000.0,Other,Marketing,Assistant,2019-12-01,B,unknown,unknown
 alice ,50.0,55000.0,Male,HR,Director,2020-02-20,F,user@domain.com,123-456-7890
 david ,30.0,70000.0,Female,Marketing,Clerk,2018-04-05,B,name@company.org,123-456-7890
 alice ,,55000.0,Female,IT,Clerk,2020-01-15,F,user@domain.com,unknown
 alice ,50.0,70000.0,Female,HR,Clerk,2019-03-25,A,unknown,unknown
 jack ,50.0,60000.0,Male,Sales,Assistant,2020-02-20,B,user@domain.com,098-765-4321
 frank ,30.0,55000.0,Other,IT,Director,2020-02-20,A,user@domain.com,098-765-4321
 eve ,40.0,70000.0,Other,Marketing,Manager,2020-02-20,A,user@domain.com,123-456-7890
 david ,40.0,50000.0,Male,IT,Analyst,2018-04-05,B,name@company.org,unknown
 charlie ,50.0,60000.0,Female,HR,Manager,2020-01-15,A,email@example.com,555-555-5555
 alice ,40.0,60000.0,Other,Finance,Assistant,2019-12-01,B,unknown,555-555-5555
 frank ,25.0,50000.0,Female,Finance,Clerk,2020-01-15,B,user@domain.com,098-765-4321
 bob ,50.0,70000.0,Male,Marketing,Analyst,2018-04-05,B,user@domain.com,unknown
 hannah ,50.0,65000.0,Female,Marketing,Assistant,2020-02-20,C,user@domain.com,098-765-4321
 jack ,,50000.0,Other,Finance,Assistant,2019-03-25,A,email@example.com,123-456-7890
 eve ,40.0,70000.0,Other,Marketing,Assistant,2020-02-20,D,unknown,unknown
 grace ,50.0,50000.0,Female,IT,Analyst,2019-12-01,B,name@company.org,555-555-5555
 jack ,25.0,50000.0,Male,Sales,Analyst,2019-03-25,A,email@example.com,unknown
 bob ,,55000.0,Female,Sales,Director,2020-02-20,F,user@domain.com,unknown
 hannah ,30.0,70000.0,Male,IT,Director,2019-03-25,B,email@example.com,123-456-7890
 bob ,50.0,65000.0,Female,Sales,Manager,2020-01-15,B,email@example.com,098-765-4321
 david ,25.0,55000.0,Other,HR,Analyst,2018-04-05,D,email@example.com,123-456-7890
 alice ,35.0,50000.0,Male,IT,Analyst,2020-02-20,C,unknown,unknown
 eve ,25.0,60000.0,Male,Marketing,Analyst,2019-12-01,C,unknown,555-555-5555
 ivy ,25.0,50000.0,Male,IT,Director,2020-01-15,B,name@company.org,unknown
 alice ,,50000.0,Other,Finance,Assistant,2020-02-20,A,unknown,unknown
 ivy ,30.0,70000.0,Female,Marketing,Clerk,2020-01-15,F,unknown,unknown
 hannah ,35.0,70000.0,Other,Finance,Director,2019-12-01,F,unknown,unknown
 frank ,40.0,55000.0,Male,Marketing,Analyst,2020-02-20,A,unknown,unknown
 grace ,40.0,65000.0,Female,Sales,Director,2019-12-01,B,email@example.com,098-765-4321
 charlie ,25.0,55000.0,Other,IT,Manager,2019-03-25,F,email@example.com,unknown
 alice ,,60000.0,Male,HR,Analyst,2019-12-01,C,user@domain.com,123-456-7890
 eve ,,50000.0,Male,Marketing,Manager,2019-03-25,A,unknown,unknown
 bob ,40.0,60000.0,Other,Marketing,Analyst,2020-02-20,D,user@domain.com,123-456-7890
 eve ,35.0,50000.0,Other,Finance,Director,2019-03-25,B,name@company.org,unknown
 hannah ,30.0,50000.0,Other,Sales,Assistant,2020-02-20,A,email@example.com,unknown
 ivy ,35.0,55000.0,Male,Finance,Clerk,2020-02-20,F,name@company.org,unknown
 bob ,50.0,60000.0,Other,Finance,Manager,2018-04-05,B,unknown,unknown
 charlie ,50.0,65000.0,Male,Sales,Director,2020-02-20,C,email@example.com,098-765-4321
 charlie ,30.0,60000.0,Other,HR,Assistant,2019-03-25,B,name@company.org,unknown
 alice ,40.0,55000.0,Male,Finance,Director,2018-04-05,B,unknown,123-456-7890
 hannah ,30.0,50000.0,Male,Finance,Manager,2018-04-05,C,name@company.org,123-456-7890
 frank ,,55000.0,Female,Marketing,Clerk,2020-02-20,C,unknown,unknown
 hannah ,50.0,70000.0,Other,Sales,Director,2019-12-01,B,unknown,098-765-4321
 ivy ,25.0,70000.0,Other,IT,Analyst,2019-12-01,C,email@example.com,098-765-4321
 eve ,25.0,55000.0,Male,HR,Assistant,2018-04-05,A,user@domain.com,098-765-4321
 charlie ,40.0,60000.0,Male,HR,Director,2020-02-20,C,unknown,123-456-7890
 eve ,,50000.0,Male,Sales,Assistant,2019-12-01,C,unknown,unknown
 eve ,35.0,55000.0,Female,Marketing,Analyst,2020-02-20,B,email@example.com,098-765-4321
 eve ,,55000.0,Female,Marketing,Clerk,2020-02-20,A,user@domain.com,123-456-7890
 charlie ,25.0,55000.0,Male,Sales,Clerk,2018-04-05,D,unknown,123-456-7890
 jack ,25.0,60000.0,Other,Marketing,Analyst,2018-04-05,D,unknown,unknown
 david ,50.0,70000.0,Other,HR,Assistant,2020-01-15,F,user@domain.com,unknown
 ivy ,,60000.0,Female,HR,Director,2019-12-01,C,name@company.org,unknown
 jack ,,65000.0,Female,IT,Analyst,2019-12-01,C,email@example.com,098-765-4321
 ivy ,25.0,62500.0,Male,Sales,Manager,2019-12-01,A,user@domain.com,098-765-4321
 bob ,35.0,65000.0,Other,Finance,Assistant,2019-03-25,D,unknown,unknown
 hannah ,40.0,60000.0,Male,Finance,Clerk,2020-02-20,F,unknown,098-765-4321
 hannah ,40.0,55000.0,Female,IT,Analyst,2018-04-05,A,unknown,unknown
 grace ,,60000.0,Other,IT,Clerk,2019-12-01,C,unknown,123-456-7890
 hannah ,40.0,60000.0,Other,Marketing,Assistant,2020-01-15,D,email@example.com,098-765-4321
 charlie ,25.0,50000.0,Female,IT,Clerk,2019-12-01,F,unknown,123-456-7890
 frank ,25.0,70000.0,Male,IT,Analyst,2020-02-20,B,user@domain.com,555-555-5555
 alice ,,65000.0,Male,Finance,Assistant,2020-02-20,D,unknown,unknown
 grace ,,55000.0,Other,Marketing,Manager,2018-04-05,F,name@company.org,555-555-5555
 alice ,50.0,65000.0,Female,IT,Analyst,2019-03-25,A,user@domain.com,098-765-4321
 ivy ,,60000.0,Other,IT,Director,2018-04-05,B,email@example.com,123-456-7890
 alice ,35.0,65000.0,Female,Marketing,Analyst,2019-12-01,F,user@domain.com,098-765-4321
 alice ,40.0,55000.0,Male,Sales,Assistant,2020-01-15,F,name@company.org,555-555-5555
 grace ,,70000.0,Female,Marketing,Analyst,2018-04-05,C,email@example.com,098-765-4321
 bob ,30.0,60000.0,Male,Finance,Manager,2019-03-25,D,unknown,unknown
 eve ,50.0,65000.0,Female,Sales,Manager,2018-04-05,C,name@company.org,555-555-5555
 hannah ,30.0,65000.0,Other,HR,Director,2020-02-20,B,email@example.com,098-765-4321
 hannah ,25.0,55000.0,Male,Marketing,Clerk,2019-12-01,F,unknown,123-456-7890
 charlie ,40.0,60000.0,Other,Finance,Assistant,2019-12-01,C,user@domain.com,098-765-4321
 grace ,,70000.0,Other,Sales,Assistant,2019-12-01,D,email@example.com,123-456-7890
 charlie ,30.0,50000.0,Male,Marketing,Clerk,2019-12-01,B,user@domain.com,unknown
 frank ,40.0,55000.0,Male,IT,Manager,2019-12-01,A,unknown,098-765-4321
 frank ,25.0,65000.0,Other,Marketing,Manager,2019-12-01,C,email@example.com,unknown
 charlie ,35.0,55000.0,Other,HR,Analyst,2020-01-15,B,unknown,555-555-5555
 grace ,50.0,50000.0,Other,Marketing,Director,2019-03-25,A,name@company.org,123-456-7890
 charlie ,40.0,55000.0,Other,Sales,Director,2019-12-01,C,email@example.com,555-555-5555
 hannah ,40.0,50000.0,Male,Sales,Director,2019-03-25,B,unknown,123-456-7890
 jack ,35.0,60000.0,Male,Marketing,Analyst,2019-12-01,B,email@example.com,unknown
 david ,40.0,60000.0,Other,Sales,Director,2018-04-05,C,user@domain.com,unknown
 alice ,25.0,65000.0,Female,IT,Clerk,2019-12-01,B,email@example.com,098-765-4321
 david ,25.0,50000.0,Female,Marketing,Analyst,2020-02-20,F,unknown,unknown
 grace ,35.0,55000.0,Male,IT,Clerk,2020-01-15,C,email@example.com,123-456-7890
 david ,50.0,65000.0,Other,IT,Analyst,2018-04-05,B,name@company.org,123-456-7890
 frank ,,60000.0,Other,Finance,Director,2018-04-05,A,email@example.com,123-456-7890
 ivy ,30.0,55000.0,Male,Marketing,Clerk,2020-02-20,A,user@domain.com,123-456-7890
 alice ,,65000.0,Female,Sales,Clerk,2019-12-01,F,email@example.com,098-765-4321
 eve ,40.0,50000.0,Female,IT,Clerk,2020-01-15,C,unknown,555-555-5555
 grace ,30.0,60000.0,Female,Finance,Analyst,2018-04-05,B,unknown,unknown
 alice ,35.0,55000.0,Male,Marketing,Assistant,2020-01-15,B,email@example.com,098-765-4321
 david ,35.0,60000.0,Female,Marketing,Director,2018-04-05,A,email@example.com,123-456-7890
 frank ,50.0,60000.0,Male,HR,Clerk,2019-12-01,F,name@company.org,098-765-4321
 bob ,30.0,70000.0,Male,HR,Assistant,2018-04-05,A,unknown,unknown
 jack ,25.0,60000.0,Other,IT,Director,2018-04-05,A,unknown,123-456-7890
 eve ,30.0,60000.0,Female,HR,Director,2019-03-25,F,user@domain.com,unknown
 jack ,40.0,65000.0,Male,IT,Clerk,2019-12-01,C,email@example.com,123-456-7890
 alice ,25.0,55000.0,Female,Sales,Clerk,2020-02-20,B,unknown,unknown
 frank ,35.0,65000.0,Female,IT,Analyst,2020-02-20,C,user@domain.com,unknown
 frank ,30.0,65000.0,Other,HR,Assistant,2019-12-01,D,unknown,555-555-5555
 david ,,50000.0,Female,Sales,Assistant,2020-02-20,D,unknown,555-555-5555
 hannah ,50.0,65000.0,Other,HR,Clerk,2019-12-01,D,unknown,098-765-4321
 david ,,70000.0,Male,IT,Director,2020-02-20,F,user@domain.com,098-765-4321
 hannah ,50.0,70000.0,Female,Finance,Clerk,2019-03-25,A,unknown,unknown
 hannah ,40.0,50000.0,Male,Marketing,Director,2020-02-20,C,unknown,123-456-7890
 eve ,,60000.0,Female,HR,Director,2018-04-05,B,unknown,unknown
 david ,30.0,55000.0,Male,IT,Clerk,2019-12-01,D,unknown,unknown
 bob ,30.0,55000.0,Female,Sales,Manager,2020-01-15,C,unknown,123-456-7890
 charlie ,,65000.0,Female,HR,Assistant,2020-01-15,D,name@company.org,123-456-7890
 charlie ,30.0,65000.0,Female,HR,Director,2019-12-01,D,user@domain.com,555-555-5555
 david ,40.0,60000.0,Female,Marketing,Director,2019-03-25,B,unknown,unknown
 david ,25.0,65000.0,Female,IT,Manager,2020-02-20,F,unknown,unknown
 jack ,40.0,55000.0,Female,Finance,Analyst,2019-03-25,A,user@domain.com,098-765-4321
 eve ,50.0,60000.0,Female,Sales,Manager,2020-01-15,F,user@domain.com,555-555-5555
 david ,40.0,70000.0,Female,IT,Manager,2019-12-01,C,user@domain.com,unknown
 jack ,50.0,60000.0,Female,Sales,Director,2019-12-01,F,user@domain.com,123-456-7890
 hannah ,30.0,60000.0,Male,HR,Assistant,2019-03-25,C,email@example.com,unknown
 frank ,25.0,55000.0,Other,Marketing,Manager,2019-03-25,C,unknown,unknown
 frank ,30.0,60000.0,Female,Marketing,Analyst,2020-02-20,A,email@example.com,555-555-5555
 hannah ,35.0,60000.0,Other,Finance,Clerk,2018-04-05,B,unknown,123-456-7890
 grace ,30.0,50000.0,Female,Marketing,Manager,2018-04-05,A,unknown,unknown
 jack ,50.0,65000.0,Female,HR,Manager,2020-02-20,F,unknown,098-765-4321
 jack ,30.0,50000.0,Male,Finance,Analyst,2018-04-05,C,unknown,555-555-5555
 hannah ,30.0,70000.0,Male,IT,Assistant,2020-01-15,D,user@domain.com,unknown
 bob ,25.0,65000.0,Other,Marketing,Manager,2018-04-05,D,email@example.com,unknown
 ivy ,30.0,60000.0,Male,Finance,Manager,2020-02-20,C,user@domain.com,123-456-7890
